activity_id,date,datetime,year,month,month_name,iso_week,week_start,weekday,hour,name,sport_type,category,is_event,distance_km,moving_time_s,moving_time_hms,elapsed_time_s,pace_min_per_km,pace_str,avg_speed_kmh,max_speed_kmh,cadence_spm,elevation_gain_m,relative_effort,calories,kudos,achievements,prs,cumulative_km,fatigue_atl,fitness_ctl,form
18885617390,2026-06-12,2026-12-06T07:24:48,2026,2026-06,Jun-26,2026-W24,2026-06-08,Fri,7,#Run13 2026 3K,Run,Short,False,3.008,1269.0,21:09,1269.0,7.031,07:02,8.53,12.24,168.9,4.0,75.0,197.0,6,0,0,2663.16,184.9,246.1,61.2
18859475291,2026-06-10,2026-10-06T07:31:13,2026,2026-06,Jun-26,2026-W24,2026-06-08,Wed,7,#Run12 2026 4K,Run,Short,False,4.007,1735.0,28:55:00,1764.0,7.217,07:13,8.31,15.48,167.6,4.0,114.0,267.0,7,2,2,2660.15,201.8,250.2,48.5
18831807758,2026-06-08,2026-08-06T07:31:01,2026,2026-06,Jun-26,2026-W24,2026-06-08,Mon,7,#Run11 2026 3K,Run,Short,False,3.01,1502.0,25:02:00,1547.0,8.317,08:19,7.21,14.83,161.1,3.0,65.0,196.0,7,1,0,2656.14,215.2,253.5,38.3
18825160676,2026-06-07,2026-07-06T19:25:37,2026,2026-06,Jun-26,2026-W23,2026-06-01,Sun,19,#Run10 2026 3.5K,Run,Short,False,3.502,1757.0,29:17:00,1791.0,8.362,08:22,7.17,13.82,160.4,2.0,103.0,230.0,6,0,0,2653.13,238.3,258.1,19.7
18736695203,2026-06-01,2026-01-06T07:17:42,2026,2026-06,Jun-26,2026-W23,2026-06-01,Mon,7,#Run9 2026 3K,Run,Short,False,3.0,1318.0,21:58,1329.0,7.322,07:19,8.19,10.73,165.8,3.0,87.0,199.0,13,1,0,2649.63,259.1,261.8,2.7
18669397322,2026-05-27,,2026,2026-05,May-26,2026-W22,2026-05-25,Wed,6,#Run8 2026 Restart,Run,Short,False,3.007,1515.0,25:15:00,1548.0,8.397,08:24,7.14,11.66,156.3,4.0,84.0,210.0,8,1,0,2646.63,285.5,266.0,-19.5
18259578159,2026-04-26,,2026,2026-04,Apr-26,2026-W17,2026-04-20,Sun,6,#Run7 2026 TCS World 10K (Knees Are Alive Run),Run,10K,True,9.801,4745.0,01:19:05,4771.0,8.069,08:04,7.44,12.02,159.7,40.0,328.0,678.0,17,1,0,2643.63,316.5,270.4,-46.1
17649195276,2026-03-08,2026-08-03T18:59:51,2026,2026-03,Mar-26,2026-W10,2026-03-02,Sun,18,#Run6 2026 OK OK 5K,Run,5K,False,5.007,2341.0,39:01:00,2398.0,7.792,07:48,7.7,11.38,160.5,8.0,129.0,298.0,7,0,0,2633.82,314.7,269.0,-45.7
17405556055,2026-02-15,,2026,2026-02,Feb-26,2026-W07,2026-02-09,Sun,17,#Run5 2026 Comeback 5K,Run,5K,True,5.01,2308.0,38:28:00,2308.0,7.678,07:41,7.81,10.8,160.2,11.0,96.0,299.0,12,4,4,2628.82,343.2,272.4,-70.8
17088185935,2026-01-18,,2026,2026-01,Jan-26,2026-W03,2026-01-12,Sun,5,#Run4 2026 Tata Mumbai Marathon #FM1,Run,Marathon,True,42.747,17903.0,04:58:23,18239.0,6.98,06:59,8.6,13.97,164.9,124.0,1163.0,2636.0,17,21,20,2623.81,381.2,276.6,-104.5
17007249003,2026-01-11,2026-11-01T05:21:10,2026,2026-01,Jan-26,2026-W02,2026-01-05,Sun,5,#Run3 2026 #HM1,Run,Half,True,21.016,9670.0,02:41:10,10287.0,7.669,07:40,7.82,10.73,159.4,52.0,336.0,1252.0,12,1,1,2581.06,261.1,255.3,-5.8
16941102386,2026-01-05,2026-05-01T07:16:59,2026,2026-01,Jan-26,2026-W02,2026-01-05,Mon,7,#Run2 2026,Run,5K,False,5.019,2085.0,34:45:00,2112.0,6.924,06:55,8.67,11.74,162.7,8.0,104.0,312.0,10,0,0,2560.04,249.6,253.3,3.7
16904532185,2026-01-01,2026-01-01T20:11:40,2026,2026-01,Jan-26,2026-W01,2025-12-29,Thu,20,#Run1 2026,Run,5K,True,5.1,2828.0,47:08:00,3006.0,9.242,09:15,6.49,10.73,147.4,17.0,58.0,306.0,9,5,5,2555.03,272.0,256.9,-15.1
16859995304,2025-12-28,,2025,2025-12,Dec-25,2025-W52,2025-12-22,Sun,5,Birthday Half Marathon,Run,Half,True,21.127,9221.0,02:33:41,10013.0,7.274,07:16,8.25,11.09,162.2,41.0,437.0,1279.0,13,3,3,2549.93,304.8,261.7,-43.1
16825411911,2025-12-24,,2025,2025-12,Dec-25,2025-W52,2025-12-22,Wed,7,Morning Run,Run,5K,False,5.338,2409.0,40:09:00,2458.0,7.522,07:31,7.98,11.09,156.8,11.0,74.0,326.0,8,0,0,2528.8,284.5,257.5,-27.0
16798668377,2025-12-21,,2025,2025-12,Dec-25,2025-W51,2025-12-15,Sun,5,Kolkata,Run,Ultra/Long,True,25.004,9111.0,02:31:51,9117.0,6.073,06:04,9.88,15.34,170.3,38.0,615.0,1487.0,27,4,4,2523.46,316.9,261.9,-55.0
16736379196,2025-12-14,,2025,2025-12,Dec-25,2025-W50,2025-12-08,Sun,5,Morning Run,Run,Half,False,21.006,8653.0,02:24:13,9385.0,6.865,06:52,8.74,12.24,165.6,71.0,426.0,1242.0,11,2,2,2498.46,271.1,253.4,-17.7
16709478395,2025-12-11,2025-11-12T06:51:23,2025,2025-12,Dec-25,2025-W50,2025-12-08,Thu,6,Morning Run,Run,5K,False,5.01,2134.0,35:34:00,2352.0,7.099,07:06,8.45,11.52,162.7,10.0,99.0,303.0,7,2,2,2477.45,247.3,249.3,1.9
16671832713,2025-12-07,2025-07-12T06:06:07,2025,2025-12,Dec-25,2025-W49,2025-12-01,Sun,6,Morning Run,Run,Long,False,16.003,6419.0,01:46:59,6791.0,6.685,06:41,8.97,11.74,167.2,63.0,369.0,965.0,6,7,7,2472.44,270.1,252.9,-17.2
16653622082,2025-12-05,2025-05-12T07:10:14,2025,2025-12,Dec-25,2025-W49,2025-12-01,Fri,7,Morning Run,Run,5K,False,5.096,2194.0,36:34:00,2220.0,7.176,07:11,8.36,12.53,163.2,11.0,138.0,325.0,7,0,0,2456.44,254.9,250.1,-4.8
16624561874,2025-12-02,2025-02-12T07:17:06,2025,2025-12,Dec-25,2025-W49,2025-12-01,Tue,7,Morning Run,Run,5K,False,5.037,2283.0,38:03:00,2317.0,7.554,07:33,7.94,11.88,160.8,5.0,140.0,324.0,7,1,0,2451.34,272.8,252.8,-20.1
16327418170,2025-11-02,2025-02-11T05:51:32,2025,2025-11,Nov-25,2025-W44,2025-10-27,Sun,5,Morning Run,Run,Medium,False,14.101,6321.0,01:45:21,8197.0,7.471,07:28,8.03,12.02,158.1,47.0,281.0,889.0,12,1,1,2446.3,293.2,255.5,-37.7
16246949481,2025-10-25,,2025,2025-10,Oct-25,2025-W43,2025-10-20,Sat,6,Morning Run,Run,10K,False,10.018,4351.0,01:12:31,4372.0,7.239,07:14,8.29,12.02,159.8,23.0,251.0,658.0,9,0,0,2432.2,295.1,254.9,-40.2
16186083763,2025-10-19,,2025,2025-10,Oct-25,2025-W42,2025-10-13,Sun,5,Morning Run,Run,Medium,False,14.016,6403.0,01:46:43,6724.0,7.614,07:37,7.88,10.94,160.4,47.0,284.0,887.0,8,0,0,2422.19,301.9,255.0,-46.9
16111799958,2025-10-12,2025-12-10T05:16:40,2025,2025-10,Oct-25,2025-W41,2025-10-06,Sun,5,Morning Run,Run,Half,False,21.134,7294.0,02:01:34,7405.0,5.752,05:45,10.43,14.04,169.1,10.0,518.0,1282.0,25,17,17,2408.17,304.6,254.3,-50.4
16010789147,2025-10-02,2025-02-10T09:46:32,2025,2025-10,Oct-25,2025-W40,2025-09-29,Thu,9,Morning Run,Run,Short,False,2.769,2317.0,38:37:00,6889.0,13.946,13:57,4.3,23.9,101.8,258.0,7.0,368.0,10,0,0,2387.04,271.9,247.9,-24.0
15987229024,2025-09-28,,2025,2025-09,Sep-25,2025-W39,2025-09-22,Sun,16,Hike to National Park Top,Run,Medium,False,8.008,6216.0,01:43:36,6809.0,12.937,12:56,4.64,13.97,124.0,238.0,47.0,526.0,5,0,0,2384.27,312.6,253.7,-58.8
15960506096,2025-09-24,,2025,2025-09,Sep-25,2025-W39,2025-09-22,Wed,17,Afternoon Workout,Workout,Other/Short,False,0.0,334.0,05:34,334.0,,,,,,0.0,0.0,,0,0,0,2376.26,353.3,258.7,-94.6
15888708751,2025-09-21,,2025,2025-09,Sep-25,2025-W38,2025-09-15,Sun,10,Berlin Marathon,Run,Marathon,True,42.222,17328.0,04:48:48,17872.0,6.84,06:50,8.77,16.2,164.8,77.0,1043.0,2601.0,13,10,7,2376.26,407.6,264.9,-142.7
15872343049,2025-09-20,,2025,2025-09,Sep-25,2025-W38,2025-09-15,Sat,8,Berlin Shakeout 5K,Run,5K,True,5.005,2169.0,36:09:00,2585.0,7.223,07:13,8.31,13.46,162.4,5.0,78.0,304.0,6,0,0,2334.04,310.0,246.2,-63.8
15803748715,2025-09-14,,2025,2025-09,Sep-25,2025-W37,2025-09-08,Sun,6,Morning Run,Run,Half,False,21.005,9074.0,02:31:14,9966.0,7.2,07:12,8.33,12.31,165.2,81.0,513.0,1317.0,8,0,0,2329.03,345.7,250.2,-95.4
15759222233,2025-09-10,2025-10-09T06:18:52,2025,2025-09,Sep-25,2025-W37,2025-09-08,Wed,6,Morning Run,Run,10K,False,10.002,3816.0,01:03:36,4637.0,6.359,06:22,9.44,15.48,168.9,12.0,224.0,615.0,12,1,1,2308.03,320.0,243.9,-76.0
15666038484,2025-09-02,2025-02-09T06:10:06,2025,2025-09,Sep-25,2025-W36,2025-09-01,Tue,6,Morning Run,Run,Medium,False,11.004,4487.0,01:14:47,4813.0,6.796,06:48,8.83,17.5,166.1,13.0,195.0,671.0,11,0,0,2298.02,334.7,244.4,-90.3
15643384652,2025-08-31,,2025,2025-08,Aug-25,2025-W35,2025-08-25,Sun,5,Morning Run,Run,Half,False,21.002,8710.0,02:25:10,9741.0,6.912,06:55,8.68,12.6,166.8,70.0,405.0,1266.0,11,1,1,2287.02,356.2,245.6,-110.6
15604878493,2025-08-27,,2025,2025-08,Aug-25,2025-W35,2025-08-25,Wed,17,Afternoon Run,Run,Medium,False,12.012,4919.0,01:21:59,5230.0,6.825,06:50,8.79,15.55,163.7,29.0,249.0,741.0,9,1,1,2266.02,348.6,241.7,-106.9
15564626039,2025-08-24,,2025,2025-08,Aug-25,2025-W34,2025-08-18,Sun,5,Morning Run,Run,Ultra/Long,False,28.007,11356.0,03:09:16,12712.0,6.758,06:45,8.88,17.28,166.3,111.0,510.0,1654.0,9,8,8,2254.01,364.0,241.6,-122.4
15552949962,2025-08-23,,2025,2025-08,Aug-25,2025-W34,2025-08-18,Sat,6,Morning Run,Run,Long,False,15.012,6189.0,01:43:09,7490.0,6.871,06:52,8.73,12.53,166.0,24.0,326.0,925.0,10,1,1,2226.0,341.5,235.1,-106.4
15524761254,2025-08-20,,2025,2025-08,Aug-25,2025-W34,2025-08-18,Wed,17,Afternoon Run,Run,Medium,False,12.015,5173.0,01:26:13,5219.0,7.176,07:11,8.36,15.77,161.0,25.0,266.0,748.0,9,0,0,2210.99,343.9,232.9,-111.0
15462899550,2025-08-15,,2025,2025-08,Aug-25,2025-W33,2025-08-11,Fri,5,Morning Run,Run,Half,False,21.117,8519.0,02:21:59,9227.0,6.724,06:43,8.92,12.1,164.7,70.0,450.0,1285.0,11,9,9,2198.97,355.9,232.1,-123.8
15405444533,2025-08-10,2025-10-08T05:39:13,2025,2025-08,Aug-25,2025-W32,2025-08-04,Sun,5,Morning Run,Run,Long,False,24.001,9497.0,02:38:17,10384.0,6.595,06:36,9.1,11.81,166.6,68.0,392.0,1398.0,13,21,21,2177.86,341.4,226.9,-114.6
15394075049,2025-08-09,2025-09-08T05:35:28,2025,2025-08,Aug-25,2025-W32,2025-08-04,Sat,5,Morning Run,Run,Long,False,18.009,7527.0,02:05:27,8115.0,6.966,06:58,8.61,11.3,164.2,47.0,365.0,1091.0,11,1,1,2153.85,333.6,222.9,-110.8
15359905911,2025-08-06,2025-06-08T06:38:05,2025,2025-08,Aug-25,2025-W32,2025-08-04,Wed,6,Morning Run,Run,10K,False,10.005,4580.0,01:16:20,4897.0,7.63,07:38,7.86,11.02,160.5,20.0,168.0,602.0,4,0,0,2135.85,328.8,219.5,-109.4
15325697628,2025-08-03,2025-03-08T05:12:46,2025,2025-08,Aug-25,2025-W31,2025-07-28,Sun,5,Morning Run,Run,Ultra/Long,False,33.004,13770.0,03:49:30,15303.0,6.954,06:57,8.63,12.17,163.2,79.0,675.0,1963.0,12,24,23,2125.84,353.5,220.7,-132.8
15313993855,2025-08-02,2025-02-08T06:14:47,2025,2025-08,Aug-25,2025-W31,2025-07-28,Sat,6,Morning Run,Run,Medium,False,7.803,3346.0,55:46:00,3382.0,7.147,07:09,8.39,15.55,153.3,0.0,137.0,477.0,9,8,8,2092.84,304.2,209.8,-94.4
15275586068,2025-07-29,,2025,2025-07,Jul-25,2025-W31,2025-07-28,Tue,18,Evening Run,Run,Medium,False,14.011,5541.0,01:32:21,5990.0,6.591,06:35,9.1,12.82,163.7,35.0,331.0,850.0,6,2,2,2085.03,329.8,211.5,-118.3
15248339122,2025-07-27,,2025,2025-07,Jul-25,2025-W30,2025-07-21,Sun,4,Morning Run,Run,Ultra/Long,False,30.006,11960.0,03:19:20,14595.0,6.643,06:39,9.03,13.32,165.2,188.0,703.0,1780.0,9,18,16,2071.02,329.7,208.6,-121.0
15216520336,2025-07-24,,2025,2025-07,Jul-25,2025-W30,2025-07-21,Thu,6,Morning Run,Run,5K,False,5.04,2352.0,39:12:00,2352.0,7.778,07:47,7.71,10.94,160.3,17.0,88.0,300.0,6,0,0,2041.02,272.3,196.7,-75.6
15171862276,2025-07-20,,2025,2025-07,Jul-25,2025-W29,2025-07-14,Sun,5,Morning Run,Run,Ultra/Long,False,27.001,10634.0,02:57:14,12801.0,6.564,06:34,9.14,12.74,163.8,75.0,662.0,1605.0,12,28,27,2035.98,300.6,199.3,-101.3
15139914702,2025-07-17,,2025,2025-07,Jul-25,2025-W29,2025-07-14,Thu,6,Morning Run,Run,10K,False,9.291,4809.0,01:20:09,4860.0,8.627,08:38,6.96,14.11,156.6,24.0,158.0,622.0,6,0,0,2008.98,245.1,188.2,-57.0
15095533028,2025-07-13,,2025,2025-07,Jul-25,2025-W28,2025-07-07,Sun,5,Morning Run,Run,Long,False,24.005,9352.0,02:35:52,11021.0,6.493,06:30,9.24,12.53,165.5,76.0,532.0,1391.0,16,42,42,1999.68,258.5,188.9,-69.6
15074892543,2025-07-11,2025-11-07T06:10:27,2025,2025-07,Jul-25,2025-W28,2025-07-07,Fri,6,Morning Run,Run,Medium,False,13.903,8147.0,02:15:47,8280.0,9.766,09:46,6.14,14.26,153.2,11.0,243.0,900.0,10,2,2,1975.68,216.5,180.6,-35.9
15020638951,2025-07-06,2025-06-07T05:24:01,2025,2025-07,Jul-25,2025-W27,2025-06-30,Sun,5,Morning Run,Run,Half,False,21.2,9876.0,02:44:36,10216.0,7.764,07:46,7.73,11.16,160.8,136.0,367.0,1234.0,11,6,6,1961.78,212.5,179.1,-33.3
14979455548,2025-07-02,2025-02-07T06:36:54,2025,2025-07,Jul-25,2025-W27,2025-06-30,Wed,6,Morning Run,Run,10K,False,9.494,4217.0,01:10:17,5197.0,7.403,07:24,8.1,13.97,156.9,22.0,183.0,646.0,5,0,0,1940.58,188.7,174.6,-14.1
14947759953,2025-06-29,,2025,2025-06,Jun-25,2025-W26,2025-06-23,Sun,5,Morning Run,Run,Medium,False,14.003,6429.0,01:47:09,6566.0,7.652,07:39,7.84,12.17,162.4,75.0,339.0,852.0,9,0,0,1931.08,189.6,174.4,-15.2
14907477770,2025-06-25,,2025,2025-06,Jun-25,2025-W26,2025-06-23,Wed,7,Morning Run,Run,10K,False,10.003,4831.0,01:20:31,4879.0,8.049,08:03,7.45,12.46,159.6,35.0,243.0,602.0,8,0,0,1917.08,166.7,170.5,3.8
14834573377,2025-06-18,,2025,2025-06,Jun-25,2025-W25,2025-06-16,Wed,7,Morning Run,Run,Medium,False,8.006,3734.0,01:02:14,3751.0,7.773,07:46,7.72,10.87,159.0,24.0,229.0,495.0,4,0,0,1907.08,155.0,168.7,13.7
14795047770,2025-06-13,,2025,2025-06,Jun-25,2025-W24,2025-06-09,Fri,8,Morning Hike,Hike,10K,False,9.711,15583.0,04:19:43,22275.0,,,2.24,6.6,100.5,51.0,64.0,1317.0,3,0,0,1899.07,143.6,167.2,23.7
14795042307,2025-06-12,2025-12-06T08:05:28,2025,2025-06,Jun-25,2025-W24,2025-06-09,Thu,8,Morning Hike,Hike,10K,False,10.095,15443.0,04:17:23,26334.0,,,2.35,5.47,103.7,537.0,149.0,1743.0,4,0,0,1889.36,155.8,169.7,13.9
14795029071,2025-06-11,2025-11-06T08:42:08,2025,2025-06,Jun-25,2025-W24,2025-06-09,Wed,8,Morning Hike,Hike,Short,False,6.479,10859.0,03:00:59,17711.0,,,2.15,7.74,106.3,659.0,115.0,1243.0,1,0,0,1879.26,156.8,170.2,13.4
14795029093,2025-06-10,2025-10-06T08:31:53,2025,2025-06,Jun-25,2025-W24,2025-06-09,Tue,8,Morning Hike,Hike,Short,False,6.839,10821.0,03:00:21,19260.0,,,2.28,10.2,109.9,881.0,162.0,1441.0,2,0,0,1872.79,163.3,171.6,8.3
14736102272,2025-06-08,2025-08-06T21:20:54,2025,2025-06,Jun-25,2025-W23,2025-06-02,Sun,21,Night Walk,Walk,Short,False,0.629,565.0,09:25,919.0,14.971,14:58,4.01,5.45,114.5,0.0,1.0,31.0,1,0,0,1865.95,163.5,171.8,8.3
14732656928,2025-06-08,2025-08-06T16:00:22,2025,2025-06,Jun-25,2025-W23,2025-06-02,Sun,16,Afternoon Walk,Walk,Short,False,1.073,1268.0,21:08,1652.0,19.696,19:42,3.05,5.33,101.1,16.0,4.0,89.0,4,0,0,1865.32,188.4,175.9,-12.5
14731201542,2025-06-08,2025-08-06T13:31:53,2025,2025-06,Jun-25,2025-W23,2025-06-02,Sun,13,Afternoon Walk,Walk,Short,False,2.442,2477.0,41:17:00,3426.0,16.906,16:54,3.55,6.12,104.2,31.0,7.0,177.0,3,0,0,1864.24,216.7,180.1,-36.7
14726967830,2025-06-08,2025-08-06T00:04:23,2025,2025-06,Jun-25,2025-W23,2025-06-02,Sun,0,Night Walk,Walk,Short,False,1.004,1209.0,20:09,1348.0,,,2.99,5.4,101.4,10.0,5.0,77.0,3,0,0,1861.8,248.9,184.2,-64.7
14700752961,2025-06-05,2025-05-06T07:57:52,2025,2025-06,Jun-25,2025-W23,2025-06-02,Thu,7,Morning Run,Run,10K,False,10.006,4685.0,01:18:05,4836.0,7.804,07:48,7.69,11.23,159.8,23.0,303.0,614.0,11,0,0,1860.8,286.4,188.5,-97.9
14646842958,2025-05-31,,2025,2025-05,May-25,2025-W22,2025-05-26,Sat,5,2.3: 15K,Run,Long,False,15.008,6823.0,01:53:43,6851.0,7.577,07:35,7.92,11.66,157.8,48.0,417.0,927.0,9,8,8,1850.79,283.9,185.8,-98.1
14626844784,2025-05-29,,2025,2025-05,May-25,2025-W22,2025-05-26,Thu,7,2.2: 3K WU + 3K@6.5 + 3K CD,Run,10K,False,9.586,4427.0,01:13:47,4493.0,7.697,07:42,7.8,12.17,157.9,20.0,249.0,592.0,7,0,0,1835.78,263.4,180.2,-83.2
14606297795,2025-05-27,,2025,2025-05,May-25,2025-W22,2025-05-26,Tue,7,2.1: 10K Easy,Run,10K,True,10.012,4584.0,01:16:24,4595.0,7.631,07:38,7.86,11.3,162.2,24.0,239.0,601.0,6,1,1,1826.2,265.6,178.6,-87.1
14590763546,2025-05-25,,2025,2025-05,May-25,2025-W21,2025-05-19,Sun,17,1.3: 12K,Run,Medium,False,12.01,4861.0,01:21:01,6098.0,6.746,06:45,8.89,12.02,163.1,32.0,334.0,738.0,9,2,2,1816.19,269.7,177.1,-92.6
14556732830,2025-05-22,,2025,2025-05,May-25,2025-W21,2025-05-19,Thu,6,1.2: 10K,Run,10K,True,10.004,4381.0,01:13:01,4495.0,7.299,07:18,8.22,12.6,162.7,21.0,274.0,614.0,9,1,1,1804.18,259.9,173.3,-86.5
14535163136,2025-05-20,,2025,2025-05,May-25,2025-W21,2025-05-19,Tue,7,1.1: 7K Easy,Run,Medium,False,7.056,3190.0,53:10:00,3326.0,7.535,07:32,7.96,12.17,163.5,18.0,206.0,428.0,10,1,1,1794.17,257.7,170.9,-86.8
14514084841,2025-05-18,,2025,2025-05,May-25,2025-W20,2025-05-12,Sun,5,BER: Trial Run,Run,Medium,True,12.729,5401.0,01:30:01,5826.0,7.072,07:04,8.48,11.59,163.0,63.0,328.0,781.0,14,1,1,1787.12,265.6,170.0,-95.6
14441448796,2025-05-11,2025-11-05T05:47:16,2025,2025-05,May-25,2025-W19,2025-05-05,Sun,5,Morning Run,Run,Long,False,16.004,7070.0,01:57:50,7236.0,7.363,07:22,8.15,11.16,162.8,58.0,486.0,1012.0,10,0,0,1774.39,256.0,166.2,-89.8
14375549820,2025-05-04,2025-04-05T19:05:40,2025,2025-05,May-25,2025-W18,2025-04-28,Sun,19,Evening Workout,Workout,Other/Short,False,0.0,340.0,05:40,340.0,,,,,,0.0,0.0,,2,0,0,1758.38,220.7,158.5,-62.2
14370576061,2025-05-04,2025-04-05T06:07:03,2025,2025-05,May-25,2025-W18,2025-04-28,Sun,6,Morning Run,Run,Long,False,16.001,6957.0,01:55:57,7144.0,7.246,07:15,8.28,11.3,161.2,64.0,424.0,996.0,11,7,5,1758.38,254.6,162.4,-92.3
14344973004,2025-05-01,2025-01-05T19:42:37,2025,2025-05,May-25,2025-W18,2025-04-28,Thu,19,Evening Walk,Run,Short,False,3.005,2053.0,34:13:00,2374.0,11.387,11:23,5.27,12.38,109.7,3.0,6.0,161.0,2,0,0,1742.38,228.6,156.1,-72.6
14297149816,2025-04-27,,2025,2025-04,Apr-25,2025-W17,2025-04-21,Sun,6,Sunday Morning Run,Run,Long,False,19.003,8499.0,02:21:39,8945.0,7.454,07:27,8.05,12.74,159.3,64.0,575.0,1219.0,7,3,3,1739.38,262.8,159.7,-103.1
14228424853,2025-04-20,,2025,2025-04,Apr-25,2025-W16,2025-04-14,Sun,5,Morning Run,Run,Long,False,16.351,7301.0,02:01:41,8118.0,7.442,07:27,8.06,14.11,162.7,37.0,478.0,1030.0,10,5,5,1720.37,214.8,149.7,-65.2
14160869409,2025-04-13,,2025,2025-04,Apr-25,2025-W15,2025-04-07,Sun,6,Morning Run,Run,10K,False,10.219,4396.0,01:13:16,4420.0,7.17,07:10,8.37,22.97,165.4,3.0,255.0,632.0,5,2,2,1704.02,174.4,141.8,-32.7
14122883568,2025-04-09,2025-09-04T07:16:49,2025,2025-04,Apr-25,2025-W15,2025-04-07,Wed,7,Morning Run,Run,Medium,False,7.001,3375.0,56:15:00,3442.0,8.035,08:02,7.47,12.67,156.0,13.0,197.0,439.0,5,0,0,1693.8,162.1,139.0,-23.0
14098172907,2025-04-06,2025-06-04T18:08:08,2025,2025-04,Apr-25,2025-W14,2025-03-31,Sun,18,Evening Run,Run,10K,False,10.009,4592.0,01:16:32,4772.0,7.646,07:39,7.85,14.18,157.2,11.0,292.0,651.0,6,0,0,1686.8,156.7,137.6,-19.1
14016156997,2025-03-29,,2025,2025-03,Mar-25,2025-W13,2025-03-24,Sat,8,Morning Run,Run,5K,False,5.214,2303.0,38:23:00,2324.0,7.362,07:22,8.15,10.87,162.7,10.0,142.0,332.0,6,0,0,1676.79,135.9,133.9,-2.0
13959616740,2025-03-23,,2025,2025-03,Mar-25,2025-W12,2025-03-17,Sun,6,Morning Run,Run,Medium,False,12.007,5120.0,01:25:20,5262.0,7.107,07:06,8.44,11.02,166.0,33.0,342.0,766.0,8,1,1,1671.58,135.0,133.7,-1.3
13888693142,2025-03-15,,2025,2025-03,Mar-25,2025-W11,2025-03-10,Sat,17,Sat Eve Run,Run,Short,False,6.201,2826.0,47:06:00,2844.0,7.596,07:36,7.9,43.52,,23.2,,,9,0,0,1659.57,103.2,128.7,25.5
13782665176,2025-03-04,2025-04-03T06:57:50,2025,2025-03,Mar-25,2025-W10,2025-03-03,Tue,6,Morning Run,Run,Short,False,6.008,2729.0,45:29:00,2769.0,7.57,07:34,7.93,11.66,159.3,16.0,170.0,396.0,9,0,0,1653.37,119.0,131.8,12.7
13587286100,2025-02-10,2025-10-02T07:14:20,2025,2025-02,Feb-25,2025-W07,2025-02-10,Mon,7,Morning Run,Run,Short,False,0.803,631.0,10:31,1094.0,13.097,13:06,4.58,5.62,104.5,0.0,1.0,63.0,3,0,0,1647.36,111.2,130.9,19.7
13577804619,2025-02-09,2025-09-02T06:11:09,2025,2025-02,Feb-25,2025-W06,2025-02-03,Sun,6,Morning Run,Run,10K,False,9.949,4466.0,01:14:26,4504.0,7.481,07:29,8.02,15.62,159.8,19.0,155.0,596.0,8,0,0,1646.56,128.1,134.0,5.9
13572977040,2025-02-08,2025-08-02T17:45:37,2025,2025-02,Feb-25,2025-W06,2025-02-03,Sat,17,Afternoon Run,Run,Medium,False,11.559,5284.0,01:28:04,6695.0,7.619,07:37,7.88,18.65,150.6,34.0,244.0,768.0,7,0,0,1636.61,124.0,133.5,9.5
13552229796,2025-02-06,2025-06-02T07:13:34,2025,2025-02,Feb-25,2025-W06,2025-02-03,Thu,7,Morning Run,Run,Short,False,0.662,309.0,05:09,324.0,7.779,07:47,7.71,11.02,157.2,0.0,5.0,40.0,2,0,0,1625.05,105.6,130.8,25.2
13533149435,2025-02-04,2025-04-02T06:33:26,2025,2025-02,Feb-25,2025-W06,2025-02-03,Tue,6,Morning Run,Run,Short,False,0.617,274.0,04:34,274.0,7.401,07:24,8.11,10.22,159.4,0.0,5.0,35.0,3,0,0,1624.39,121.0,133.9,12.8
13533109672,2025-02-04,2025-04-02T06:24:05,2025,2025-02,Feb-25,2025-W06,2025-02-03,Tue,6,Morning Workout,Workout,Other/Short,False,0.0,377.0,06:17,377.0,,,,,,0.0,0.0,,3,1,0,1623.77,138.9,137.0,-1.9
13519632448,2025-02-02,2025-02-02T17:19:00,2025,2025-02,Feb-25,2025-W05,2025-01-27,Sun,17,Afternoon Run,Run,Long,False,15.576,7034.0,01:57:14,7075.0,7.527,07:32,7.97,15.05,159.6,34.0,375.0,1002.0,8,0,0,1623.77,160.2,140.3,-19.9
13506158085,2025-02-01,2025-01-02T08:12:04,2025,2025-02,Feb-25,2025-W05,2025-01-27,Sat,8,Morning Run,Run,Medium,False,8.914,4060.0,01:07:40,4126.0,7.591,07:35,7.9,18.79,151.1,29.0,184.0,602.0,8,1,1,1608.2,127.2,134.6,7.4
13489157711,2025-01-30,,2025,2025-01,Jan-25,2025-W05,2025-01-27,Thu,7,Morning Run,Run,Short,False,2.887,1510.0,25:10:00,1570.0,8.717,08:43,6.88,16.85,134.5,8.0,40.0,188.0,5,0,0,1599.28,118.5,133.4,14.9
13453616903,2025-01-26,,2025,2025-01,Jan-25,2025-W04,2025-01-20,Sun,7,Morning Run,Run,10K,False,9.367,3845.0,01:04:05,4605.0,6.841,06:50,8.77,15.55,156.6,6.0,173.0,630.0,6,1,1,1596.4,130.5,135.7,5.1
13444604795,2025-01-25,,2025,2025-01,Jan-25,2025-W04,2025-01-20,Sat,8,Morning Run,Run,Medium,False,7.506,3270.0,54:30:00,3374.0,7.261,07:16,8.26,12.82,161.5,12.0,202.0,500.0,5,1,0,1587.03,124.0,134.8,10.8
13330465005,2025-01-12,2025-12-01T09:32:44,2025,2025-01,Jan-25,2025-W02,2025-01-06,Sun,9,Morning Run,Run,Short,False,3.145,1421.0,23:41,1517.0,7.53,07:32,7.97,16.63,155.8,12.0,51.0,211.0,6,0,0,1579.52,112.0,133.2,21.1
13317064909,2025-01-10,2025-10-01T20:01:24,2025,2025-01,Jan-25,2025-W02,2025-01-06,Fri,20,Speed Trials,Run,Medium,False,8.947,3831.0,01:03:51,4200.0,7.136,07:08,8.41,22.1,145.6,8.0,143.0,534.0,5,0,0,1576.38,121.4,135.1,13.7
13269661778,2025-01-05,2025-05-01T11:25:25,2025,2025-01,Jan-25,2025-W01,2024-12-30,Sun,11,Lunch Run,Run,Short,False,6.093,2464.0,41:04:00,2747.0,6.74,06:44,8.9,25.06,152.1,14.0,118.0,384.0,7,0,0,1567.43,118.1,134.9,16.9
13260505321,2025-01-04,2025-04-01T10:33:45,2025,2025-01,Jan-25,2025-W01,2024-12-30,Sat,10,Cadence,Run,Short,False,3.538,1708.0,28:28:00,1914.0,8.046,08:03,7.46,14.76,151.9,17.0,61.0,227.0,4,0,0,1561.34,118.1,135.4,17.3
13251423636,2025-01-03,2025-03-01T06:54:58,2025,2025-01,Jan-25,2025-W01,2024-12-30,Fri,6,Morning Run,Run,Short,False,1.45,541.0,09:01,544.0,6.218,06:13,9.65,16.49,158.6,0.0,25.0,84.0,3,0,0,1557.8,126.9,137.1,10.3
13251359247,2025-01-03,2025-03-01T06:40:23,2025,2025-01,Jan-25,2025-W01,2024-12-30,Fri,6,Morning Run,Run,Short,False,1.382,545.0,09:05,549.0,6.573,06:34,9.13,14.26,154.5,0.0,18.0,83.0,3,0,0,1556.35,142.5,139.8,-2.7
13238546008,2025-01-01,2025-01-01T19:01:36,2025,2025-01,Jan-25,2025-W01,2024-12-30,Wed,19,Evening Run,Run,5K,False,5.011,2147.0,35:47:00,2258.0,7.141,07:08,8.4,17.35,159.5,10.0,107.0,313.0,6,0,0,1554.97,161.6,142.8,-18.8
13212827042,2024-12-29,,2024,2024-12,Dec-24,2024-W52,2024-12-23,Sun,9,Morning Run,Run,Short,False,2.385,1349.0,22:29,1370.0,9.427,09:26,6.37,12.31,133.0,0.0,26.0,139.0,4,3,3,1549.96,170.0,143.6,-26.4
13212781396,2024-12-29,,2024,2024-12,Dec-24,2024-W52,2024-12-23,Sun,9,Morning Run,Run,Short,False,2.405,1062.0,17:42,1072.0,7.36,07:22,8.15,11.02,161.1,0.0,50.0,150.0,2,2,2,1547.57,192.1,146.5,-45.7
13165362825,2024-12-22,,2024,2024-12,Dec-24,2024-W51,2024-12-16,Sun,5,Morning Run,Run,Ultra/Long,False,25.244,14047.0,03:54:07,14997.0,9.274,09:16,6.47,12.96,145.7,78.0,287.0,1445.0,9,10,10,1545.17,214.0,148.8,-65.2
13138985986,2024-12-18,,2024,2024-12,Dec-24,2024-W51,2024-12-16,Wed,6,Morning Run,Run,Short,False,0.577,250.0,04:10,256.0,7.221,07:13,8.31,10.01,161.1,0.0,2.0,29.0,0,0,0,1519.92,202.8,145.5,-57.3
13117852100,2024-12-15,,2024,2024-12,Dec-24,2024-W50,2024-12-09,Sun,5,Morning Run,Run,Ultra/Long,False,26.447,10592.0,02:56:32,13144.0,6.675,06:40,8.99,12.67,165.6,23.0,563.0,1592.0,9,5,4,1519.35,233.6,148.9,-84.6
13112648072,2024-12-14,,2024,2024-12,Dec-24,2024-W50,2024-12-09,Sat,15,Afternoon Workout,Workout,Other/Short,False,0.0,341.0,05:41,341.0,,,,,,0.0,0.0,,1,0,0,1492.9,183.0,139.0,-44.0
13097347174,2024-12-12,2024-12-12T08:10:16,2024,2024-12,Dec-24,2024-W50,2024-12-09,Thu,8,Morning Run,Run,Short,False,1.542,1138.0,18:58,1604.0,12.3,12:18,4.88,14.04,108.2,7.0,1.0,92.0,1,0,0,1492.9,211.1,142.3,-68.8
13069112270,2024-12-08,2024-08-12T05:18:07,2024,2024-12,Dec-24,2024-W49,2024-12-02,Sun,5,Morning Run,Run,Half,False,21.009,7968.0,02:12:48,7968.0,6.321,06:19,9.49,13.75,166.4,113.0,573.0,1314.0,11,14,14,1491.36,243.4,145.7,-97.6
13019891943,2024-12-01,2024-01-12T06:02:20,2024,2024-12,Dec-24,2024-W48,2024-11-25,Sun,6,Morning Run,Run,Long,False,16.004,7055.0,01:57:35,7553.0,7.347,07:21,8.17,11.09,161.7,73.0,281.0,957.0,3,4,4,1470.35,192.7,135.4,-57.3
13006339790,2024-11-29,,2024,2024-11,Nov-24,2024-W48,2024-11-25,Fri,6,Morning Run,Run,Medium,False,8.331,4026.0,01:07:06,4214.0,8.054,08:03,7.45,10.94,157.0,40.0,133.0,510.0,2,0,0,1454.35,179.2,131.9,-47.3
12955560448,2024-11-22,,2024,2024-11,Nov-24,2024-W47,2024-11-18,Fri,6,Morning Run,Run,Medium,False,8.023,3510.0,58:30:00,3693.0,7.292,07:17,8.23,12.53,160.4,8.0,130.0,481.0,3,0,0,1446.01,186.3,131.9,-54.4
12933557511,2024-11-19,,2024,2024-11,Nov-24,2024-W47,2024-11-18,Tue,6,Morning Run,Run,Medium,False,12.003,5291.0,01:28:11,5474.0,7.347,07:21,8.17,14.4,161.5,12.0,234.0,713.0,2,1,1,1437.99,194.9,131.9,-63.0
12918199874,2024-11-17,,2024,2024-11,Nov-24,2024-W46,2024-11-11,Sun,5,Morning Run,Run,Long,False,18.005,7855.0,02:10:55,8299.0,7.271,07:16,8.25,12.02,161.7,66.0,362.0,1069.0,4,10,10,1425.99,188.9,129.5,-59.4
12910442582,2024-11-16,,2024,2024-11,Nov-24,2024-W46,2024-11-11,Sat,8,Morning Run,Run,Short,False,2.737,1414.0,23:34,1422.0,8.61,08:37,6.97,10.51,148.6,4.0,62.0,178.0,2,0,0,1407.98,162.3,123.9,-38.5
12910442305,2024-11-16,,2024,2024-11,Nov-24,2024-W46,2024-11-11,Sat,7,Morning Run,Run,Medium,False,7.867,3290.0,54:50:00,3392.0,6.97,06:58,8.61,17.14,154.8,12.0,165.0,499.0,2,1,1,1405.25,177.7,125.4,-52.4
12896015782,2024-11-14,,2024,2024-11,Nov-24,2024-W46,2024-11-11,Thu,6,Morning Run,Run,10K,False,10.002,4531.0,01:15:31,4579.0,7.55,07:33,7.95,11.52,163.0,16.0,197.0,616.0,1,0,0,1397.38,179.7,124.4,-55.3
12880294143,2024-11-12,2024-12-11T07:12:38,2024,2024-11,Nov-24,2024-W46,2024-11-11,Tue,7,Morning Run,Run,5K,False,5.423,2167.0,36:07:00,2223.0,6.66,06:40,9.01,13.61,164.1,8.0,113.0,337.0,4,0,0,1387.38,177.0,122.6,-54.4
12880293824,2024-11-12,2024-12-11T06:13:32,2024,2024-11,Nov-24,2024-W46,2024-11-11,Tue,6,Morning Run,Run,Short,False,6.635,2785.0,46:25:00,3120.0,6.996,07:00,8.58,11.52,163.3,12.0,142.0,418.0,3,0,0,1381.95,186.9,122.9,-64.0
12872376468,2024-11-11,2024-11-11T06:44:08,2024,2024-11,Nov-24,2024-W46,2024-11-11,Mon,6,Morning Run,Run,Short,False,3.165,2442.0,40:42:00,2446.0,12.859,12:52,4.67,7.85,110.9,12.0,7.0,171.0,3,0,0,1375.32,193.8,122.4,-71.3
12856429755,2024-11-09,2024-09-11T08:32:22,2024,2024-11,Nov-24,2024-W45,2024-11-04,Sat,8,Morning Run,Run,Medium,False,13.39,6699.0,01:51:39,6854.0,8.338,08:20,7.2,16.06,147.7,22.0,220.0,840.0,4,2,2,1372.15,222.4,125.2,-97.2
12853248688,2024-11-08,2024-08-11T21:30:15,2024,2024-11,Nov-24,2024-W45,2024-11-04,Fri,21,Night Run,Run,Short,False,6.064,2789.0,46:29:00,2866.0,7.665,07:40,7.83,19.87,156.9,20.0,130.0,387.0,2,0,0,1358.76,222.8,122.9,-99.9
12841568796,2024-11-07,2024-07-11T06:22:36,2024,2024-11,Nov-24,2024-W45,2024-11-04,Thu,6,Morning Run,Run,Medium,False,12.004,4901.0,01:21:41,5180.0,6.805,06:48,8.82,15.77,162.8,16.0,287.0,755.0,1,0,0,1352.7,237.1,122.7,-114.3
12809685538,2024-11-03,2024-03-11T08:18:33,2024,2024-11,Nov-24,2024-W44,2024-10-28,Sun,8,Morning Run,Run,Long,False,17.003,7641.0,02:07:21,9219.0,7.49,07:29,8.01,17.35,158.7,74.0,444.0,1082.0,4,6,6,1340.7,229.4,118.8,-110.6
12804483279,2024-11-02,2024-02-11T18:04:33,2024,2024-11,Nov-24,2024-W44,2024-10-28,Sat,18,Evening Run,Run,Short,False,3.513,1568.0,26:08:00,1616.0,7.439,07:26,8.07,16.06,156.3,5.0,56.0,227.0,3,0,0,1323.69,196.4,111.0,-85.5
12786291569,2024-10-31,,2024,2024-10,Oct-24,2024-W44,2024-10-28,Thu,6,Morning Run,Run,Medium,False,11.663,5276.0,01:27:56,5300.0,7.54,07:32,7.96,11.52,156.0,31.0,341.0,762.0,2,0,0,1320.18,218.0,112.3,-105.7
12769930031,2024-10-29,,2024,2024-10,Oct-24,2024-W44,2024-10-28,Tue,6,Morning Run,Run,10K,False,9.913,4808.0,01:20:08,5017.0,8.084,08:05,7.42,11.38,155.6,27.0,252.0,627.0,3,0,0,1308.52,199.1,106.8,-92.4
12753366090,2024-10-27,,2024,2024-10,Oct-24,2024-W43,2024-10-21,Sun,6,Morning Run,Run,Medium,False,13.004,5524.0,01:32:04,5715.0,7.08,07:05,8.47,11.97,161.2,41.0,314.0,822.0,3,8,8,1298.61,191.0,103.3,-87.7
12745335794,2024-10-26,,2024,2024-10,Oct-24,2024-W43,2024-10-21,Sat,6,Morning Run,Run,10K,False,10.003,4559.0,01:15:59,4572.0,7.596,07:36,7.9,11.38,160.7,15.0,253.0,630.0,5,0,0,1285.6,172.1,98.2,-73.9
12730346366,2024-10-24,,2024,2024-10,Oct-24,2024-W43,2024-10-21,Thu,6,Morning Run,Run,Short,False,2.261,1851.0,30:51:00,2791.0,13.644,13:39,4.4,10.12,110.0,1.0,4.0,125.0,3,0,0,1275.6,159.7,94.5,-65.2
12697108235,2024-10-20,,2024,2024-10,Oct-24,2024-W42,2024-10-14,Sun,5,VDHM,Run,Half,True,21.281,8230.0,02:17:10,8259.0,6.445,06:27,9.31,12.46,164.7,12.0,564.0,1327.0,7,5,5,1273.34,183.6,96.6,-87.0
12692356286,2024-10-19,,2024,2024-10,Oct-24,2024-W42,2024-10-14,Sat,18,Evening Workout,Workout,Other/Short,False,0.0,302.0,05:02,302.0,,,,,,0.0,0.0,,3,0,0,1252.06,125.2,85.4,-39.8
12657789306,2024-10-15,,2024,2024-10,Oct-24,2024-W42,2024-10-14,Tue,6,Morning Run,Run,5K,False,5.011,2463.0,41:03:00,2505.0,8.192,08:12,7.32,17.63,160.0,8.0,109.0,309.0,3,0,0,1252.06,144.4,87.4,-57.0
12641482961,2024-10-13,,2024,2024-10,Oct-24,2024-W41,2024-10-07,Sun,6,Morning Run,Run,Medium,False,12.01,5211.0,01:26:51,5218.0,7.231,07:14,8.3,12.37,159.7,28.0,310.0,762.0,4,7,7,1247.05,149.9,86.9,-63.0
12633527675,2024-10-12,2024-12-10T07:45:07,2024,2024-10,Oct-24,2024-W41,2024-10-07,Sat,7,Morning Run,Run,10K,False,10.007,4324.0,01:12:04,4567.0,7.202,07:12,8.33,18.69,161.4,17.0,299.0,666.0,2,0,0,1235.04,125.3,81.5,-43.7
12618286120,2024-10-10,2024-10-10T06:28:06,2024,2024-10,Oct-24,2024-W41,2024-10-07,Thu,6,Morning Run,Run,Short,False,3.006,2191.0,36:31:00,2295.0,12.148,12:09,4.94,7.29,113.2,11.0,8.0,165.0,1,0,0,1225.03,98.6,76.3,-22.3
12610404956,2024-10-09,2024-09-10T06:24:13,2024,2024-10,Oct-24,2024-W41,2024-10-07,Wed,6,Morning Run,Run,5K,False,5.016,2117.0,35:17:00,2125.0,7.034,07:02,8.53,12.06,161.8,3.0,138.0,329.0,1,0,0,1222.02,112.5,77.9,-34.6
12594440850,2024-10-07,2024-07-10T06:35:26,2024,2024-10,Oct-24,2024-W41,2024-10-07,Mon,6,Morning Run,Run,5K,False,5.011,2169.0,36:09:00,2236.0,7.214,07:13,8.32,14.01,161.3,4.0,115.0,320.0,3,1,1,1217.01,108.6,76.5,-32.1
12569295243,2024-10-04,2024-04-10T06:21:15,2024,2024-10,Oct-24,2024-W40,2024-09-30,Fri,6,Morning Run,Run,10K,False,9.003,4246.0,01:10:46,4298.0,7.86,07:52,7.63,11.53,160.5,12.0,261.0,571.0,3,0,0,1212.0,107.6,75.6,-32.0
12528342576,2024-09-29,,2024,2024-09,Sep-24,2024-W39,2024-09-23,Sun,6,Morning Run,Run,10K,False,10.3,6950.0,01:55:50,7248.0,11.246,11:15,5.34,14.37,121.2,8.0,38.0,563.0,3,0,0,1202.99,84.1,71.1,-13.0
12512880678,2024-09-27,,2024,2024-09,Sep-24,2024-W39,2024-09-23,Fri,6,Morning Run,Run,5K,False,4.998,2209.0,36:49:00,2808.0,7.366,07:22,8.15,16.81,161.1,8.0,127.0,319.0,3,0,0,1192.69,91.1,71.9,-19.2
12505432323,2024-09-26,,2024,2024-09,Sep-24,2024-W39,2024-09-23,Thu,7,Morning Run,Run,Short,False,3.43,2129.0,35:29:00,2468.0,10.345,10:21,5.8,17.18,112.8,5.0,6.0,196.0,3,0,0,1187.69,85.6,70.6,-15.0
12480422262,2024-09-23,,2024,2024-09,Sep-24,2024-W39,2024-09-23,Mon,6,Morning Workout,Workout,Other/Short,False,0.0,334.0,05:34,334.0,,,,,,0.0,0.0,,2,0,0,1184.26,97.8,72.1,-25.7
12471791195,2024-09-22,,2024,2024-09,Sep-24,2024-W38,2024-09-16,Sun,6,Morning Run,Run,10K,False,10.411,5403.0,01:30:03,5579.0,8.65,08:39,6.94,12.66,145.8,7.0,172.0,647.0,5,5,4,1184.26,112.9,73.9,-39.0
12455267803,2024-09-20,,2024,2024-09,Sep-24,2024-W38,2024-09-16,Fri,6,Morning Workout,Workout,Other/Short,False,0.0,341.0,05:41,341.0,,,,,,0.0,0.0,,1,0,0,1173.85,103.8,71.5,-32.3
12438059510,2024-09-18,,2024,2024-09,Sep-24,2024-W38,2024-09-16,Wed,6,Morning Run,Run,Short,False,6.002,2454.0,40:54:00,2471.0,6.814,06:49,8.8,14.18,163.7,11.0,142.0,382.0,3,0,0,1173.85,119.7,73.2,-46.5
12421326250,2024-09-16,,2024,2024-09,Sep-24,2024-W38,2024-09-16,Mon,8,Morning Workout,Workout,Other/Short,False,0.0,362.0,06:02,362.0,,,,,,0.0,0.0,,2,1,0,1167.85,116.3,71.6,-44.7
12404034922,2024-09-14,,2024,2024-09,Sep-24,2024-W37,2024-09-09,Sat,7,Morning Run,Run,10K,False,9.004,3820.0,01:03:40,4065.0,7.071,07:04,8.49,12.59,161.3,15.0,251.0,591.0,2,0,0,1167.85,134.2,73.3,-60.9
12396485690,2024-09-13,,2024,2024-09,Sep-24,2024-W37,2024-09-09,Fri,6,Morning Run,Run,Short,False,4.012,1733.0,28:53:00,2081.0,7.199,07:12,8.33,14.93,162.6,5.0,92.0,255.0,1,0,0,1158.85,116.2,69.0,-47.2
12388485156,2024-09-12,2024-12-09T06:51:01,2024,2024-09,Sep-24,2024-W37,2024-09-09,Thu,6,Morning Run,Run,5K,False,5.041,2233.0,37:13:00,2308.0,7.383,07:23,8.13,15.46,163.4,10.0,111.0,329.0,3,0,0,1154.84,119.9,68.5,-51.5
12363121195,2024-09-09,2024-09-09T06:51:15,2024,2024-09,Sep-24,2024-W37,2024-09-09,Mon,6,Morning Run,Run,5K,False,5.007,2064.0,34:24:00,2123.0,6.87,06:52,8.73,12.72,162.3,9.0,132.0,317.0,1,0,0,1149.79,121.3,67.4,-53.9
12311274069,2024-09-03,2024-03-09T06:46:41,2024,2024-09,Sep-24,2024-W36,2024-09-02,Tue,6,Morning Run,Run,Short,False,2.501,1976.0,32:56:00,2110.0,13.168,13:10,4.56,11.1,109.5,3.0,5.0,142.0,2,0,0,1144.79,119.7,65.9,-53.8
12302739948,2024-09-02,2024-02-09T06:22:46,2024,2024-09,Sep-24,2024-W36,2024-09-02,Mon,6,Morning Workout,Workout,Other/Short,False,0.0,334.0,05:34,334.0,,,,,,0.0,0.0,,2,0,0,1142.29,137.3,67.3,-69.9
12294273950,2024-09-01,2024-01-09T06:29:07,2024,2024-09,Sep-24,2024-W35,2024-08-26,Sun,6,Morning Run,Run,Half,False,21.457,9563.0,02:39:23,9621.0,7.428,07:26,8.08,13.31,160.2,454.0,677.0,1456.0,5,5,5,1142.29,158.4,69.0,-89.4
12234749644,2024-08-25,,2024,2024-08,Aug-24,2024-W34,2024-08-19,Sun,7,Morning Run,Run,10K,False,10.004,4683.0,01:18:03,4840.0,7.802,07:48,7.69,11.78,159.5,21.0,270.0,614.0,2,0,0,1120.83,78.7,54.3,-24.4
12234365924,2024-08-25,,2024,2024-08,Aug-24,2024-W34,2024-08-19,Sun,6,Morning Workout,Workout,Other/Short,False,0.0,247.0,04:07,247.0,,,,,,0.0,0.0,,1,0,0,1110.83,49.3,49.1,-0.2
12218574237,2024-08-23,,2024,2024-08,Aug-24,2024-W34,2024-08-19,Fri,7,Morning Weight Training,WeightTraining,Other/Short,False,0.0,2112.0,35:12:00,2112.0,,,,,,0.0,23.0,194.0,1,1,0,1110.83,56.9,50.3,-6.6
12192113723,2024-08-20,,2024,2024-08,Aug-24,2024-W34,2024-08-19,Tue,7,Morning Workout,Workout,Other/Short,False,0.0,334.0,05:34,334.0,,,,,,0.0,0.0,,0,0,0,1110.83,62.1,51.0,-11.2
12187800674,2024-08-19,,2024,2024-08,Aug-24,2024-W34,2024-08-19,Mon,19,Evening Run,Run,5K,False,5.235,2300.0,38:20:00,2598.0,7.323,07:19,8.19,12.47,159.8,4.0,141.0,326.0,1,1,1,1110.83,71.7,52.2,-19.5
12185415158,2024-08-19,,2024,2024-08,Aug-24,2024-W34,2024-08-19,Mon,14,Afternoon Workout,Workout,Other/Short,False,0.0,337.0,05:37,337.0,,,,,,0.0,0.0,,0,1,0,1105.59,61.0,50.0,-11.0
12166855337,2024-08-17,,2024,2024-08,Aug-24,2024-W33,2024-08-12,Sat,7,Morning Weight Training,WeightTraining,Other/Short,False,0.0,1783.0,29:43:00,1783.0,,,,,,0.0,8.0,141.0,0,0,0,1105.59,70.4,51.2,-19.1
12155267501,2024-08-15,,2024,2024-08,Aug-24,2024-W33,2024-08-12,Thu,21,Night Run,Run,5K,False,5.003,2146.0,35:46:00,2227.0,7.149,07:09,8.39,13.54,159.9,13.0,135.0,321.0,1,0,0,1105.59,80.0,52.3,-27.7
12150266984,2024-08-15,,2024,2024-08,Aug-24,2024-W33,2024-08-12,Thu,7,Morning Workout,Workout,Other/Short,False,0.0,222.0,03:42,222.0,,,,,,0.0,0.0,,0,0,0,1100.59,71.5,50.3,-21.2
12141972143,2024-08-14,,2024,2024-08,Aug-24,2024-W33,2024-08-12,Wed,7,Morning Workout,Workout,Other/Short,False,0.0,334.0,05:34,334.0,,,,,,0.0,0.0,,1,0,0,1100.59,82.5,51.5,-31.0
12137387215,2024-08-13,,2024,2024-08,Aug-24,2024-W33,2024-08-12,Tue,19,Evening Run,Run,5K,False,4.997,2198.0,36:38:00,2255.0,7.331,07:20,8.18,14.06,156.6,12.0,123.0,316.0,1,0,0,1100.59,95.2,52.8,-42.4
12119430767,2024-08-11,2024-11-08T12:18:01,2024,2024-08,Aug-24,2024-W32,2024-08-05,Sun,12,Afternoon Run,Run,Short,False,3.0,1260.0,21:00,1260.0,7.0,07:00,8.57,,,0.0,,,1,0,0,1095.59,90.9,51.1,-39.8
12116912474,2024-08-11,2024-11-08T09:08:20,2024,2024-08,Aug-24,2024-W32,2024-08-05,Sun,9,Morning Run,Run,Medium,False,7.469,3393.0,56:33:00,4005.0,7.571,07:34,7.92,13.11,160.7,78.0,210.0,487.0,1,0,0,1092.59,104.8,52.3,-52.6
12115965077,2024-08-11,2024-11-08T07:53:52,2024,2024-08,Aug-24,2024-W32,2024-08-05,Sun,7,Morning Workout,Workout,Other/Short,False,0.0,334.0,05:34,334.0,,,,,,0.0,0.0,,0,0,0,1085.12,88.7,48.5,-40.2
12107947149,2024-08-10,2024-10-08T11:37:50,2024,2024-08,Aug-24,2024-W32,2024-08-05,Sat,11,Lunch Run,Run,Other/Short,False,0.148,273.0,04:33,278.0,,,1.95,6.16,118.3,0.0,0.0,19.0,1,0,0,1085.12,102.3,49.7,-52.7
12057704105,2024-08-04,2024-04-08T13:46:28,2024,2024-08,Aug-24,2024-W31,2024-07-29,Sun,13,Afternoon Run,Run,Short,False,1.007,429.0,07:09,586.0,7.1,07:06,8.45,11.69,162.8,1.0,21.0,63.0,1,0,0,1084.97,118.0,50.9,-67.2
12057465876,2024-08-04,2024-04-08T12:43:01,2024,2024-08,Aug-24,2024-W31,2024-07-29,Sun,12,Lunch Run,Run,5K,False,5.011,2000.0,33:20:00,2089.0,6.652,06:39,9.02,13.97,163.9,50.0,126.0,313.0,2,3,3,1083.97,132.9,51.6,-81.4
12048996430,2024-08-03,2024-03-08T12:34:01,2024,2024-08,Aug-24,2024-W31,2024-07-29,Sat,12,Lunch Run,Run,Short,False,4.007,1615.0,26:55:00,1978.0,6.717,06:43,8.93,15.66,163.3,13.0,59.0,237.0,1,0,0,1078.96,134.0,49.8,-84.2
12032132810,2024-08-01,2024-01-08T06:10:33,2024,2024-08,Aug-24,2024-W31,2024-07-29,Thu,6,Morning Run,Run,Medium,False,7.007,3002.0,50:02:00,3078.0,7.14,07:08,8.4,16.49,161.1,18.0,177.0,440.0,1,0,0,1074.95,145.5,49.6,-95.9
12010249060,2024-07-29,,2024,2024-07,Jul-24,2024-W31,2024-07-29,Mon,18,Evening Run,Run,Medium,False,7.008,3012.0,50:12:00,3522.0,7.163,07:10,8.38,14.28,161.2,9.0,168.0,443.0,0,1,1,1067.94,140.7,46.5,-94.2
11999432569,2024-07-28,,2024,2024-07,Jul-24,2024-W30,2024-07-22,Sun,12,Lunch Run,Run,Short,False,4.498,1966.0,32:46:00,1975.0,7.285,07:17,8.24,12.05,160.0,42.0,141.0,300.0,0,2,2,1060.93,136.5,43.6,-92.9
11999211990,2024-07-28,,2024,2024-07,Jul-24,2024-W30,2024-07-22,Sun,12,Lunch Run,Run,5K,False,5.042,2181.0,36:21:00,2630.0,7.209,07:13,8.32,13.62,162.5,54.0,136.0,326.0,1,1,1,1056.44,135.8,41.2,-94.6
11990230966,2024-07-27,,2024,2024-07,Jul-24,2024-W30,2024-07-22,Sat,8,Morning Run,Run,5K,False,5.008,2286.0,38:06:00,2377.0,7.608,07:36,7.89,10.76,160.5,10.0,131.0,316.0,1,0,0,1051.39,135.7,38.9,-96.8
11968801801,2024-07-24,,2024,2024-07,Jul-24,2024-W30,2024-07-22,Wed,17,Afternoon Run,Run,Short,False,5.764,2458.0,40:58:00,2725.0,7.107,07:06,8.44,12.2,161.1,15.0,159.0,368.0,0,0,0,1046.39,136.5,36.7,-99.8
11941161879,2024-07-21,,2024,2024-07,Jul-24,2024-W29,2024-07-15,Sun,12,Lunch Run,Run,10K,False,10.004,4479.0,01:14:39,4724.0,7.462,07:28,8.04,13.09,160.4,38.0,299.0,635.0,0,1,1,1040.62,133.0,33.8,-99.2
11934911573,2024-07-20,,2024,2024-07,Jul-24,2024-W29,2024-07-15,Sat,17,Afternoon Run,Run,5K,False,5.333,2291.0,38:11:00,2325.0,7.16,07:10,8.38,13.73,159.2,17.0,160.0,357.0,0,0,0,1030.62,107.5,27.4,-80.1
11898332074,2024-07-16,,2024,2024-07,Jul-24,2024-W29,2024-07-15,Tue,6,Morning Run,Run,5K,False,5.133,2245.0,37:25:00,2284.0,7.289,07:17,8.23,11.54,160.0,15.0,146.0,338.0,1,0,0,1025.28,99.5,24.2,-75.3
11878430987,2024-07-13,,2024,2024-07,Jul-24,2024-W28,2024-07-08,Sat,19,Evening Run,Run,5K,False,5.005,2397.0,39:57:00,2503.0,7.982,07:59,7.52,13.72,155.7,7.0,154.0,346.0,2,0,0,1020.15,92.3,21.2,-71.1
11716975389,2024-06-23,,2024,2024-06,Jun-24,2024-W25,2024-06-17,Sun,11,Lunch Run,Run,10K,False,9.006,4011.0,01:06:51,4534.0,7.423,07:25,8.08,33.07,157.8,24.0,267.0,607.0,1,0,0,1015.15,82.8,18.0,-64.8
11712029245,2024-06-22,,2024,2024-06,Jun-24,2024-W25,2024-06-17,Sat,17,Afternoon Run,Run,Short,False,3.0,1674.0,27:54:00,1745.0,9.3,09:18,6.45,10.25,137.1,6.0,41.0,187.0,1,0,0,1006.14,54.6,12.0,-42.5
11694482335,2024-06-20,,2024,2024-06,Jun-24,2024-W25,2024-06-17,Thu,7,Morning Run,Run,Short,False,5.777,2881.0,48:01:00,2983.0,8.312,08:19,7.22,19.45,163.8,11.0,139.0,435.0,1,0,0,1003.14,56.6,11.3,-45.3
11677838008,2024-06-18,,2024,2024-06,Jun-24,2024-W25,2024-06-17,Tue,7,Morning Run,Run,Short,False,6.489,3003.0,50:03:00,3047.0,7.713,07:43,7.78,13.05,159.7,19.0,164.0,420.0,2,0,0,997.36,44.0,8.3,-35.7
11651542686,2024-06-14,,2024,2024-06,Jun-24,2024-W24,2024-06-10,Fri,20,Evening Run,Run,Medium,False,8.479,3480.0,58:00:00,4628.0,6.84,06:50,8.77,18.14,154.5,39.0,192.0,659.0,1,0,0,990.87,25.6,4.5,-21.0
11623601456,2024-06-11,2024-11-06T07:08:43,2024,2024-06,Jun-24,2024-W24,2024-06-10,Tue,7,Morning Run,Run,Short,False,6.005,2815.0,46:55:00,2817.0,7.813,07:49,7.68,11.14,158.9,15.0,,386.0,1,0,0,982.4,0.0,0.0,0.0
11607874961,2024-06-09,2024-09-06T05:58:45,2024,2024-06,Jun-24,2024-W23,2024-06-03,Sun,5,Morning Run,Run,Medium,False,12.003,5085.0,01:24:45,5133.0,7.061,07:04,8.5,13.56,159.4,6.0,,794.0,3,2,2,976.39,0.0,0.0,0.0
11551844395,2024-06-02,2024-02-06T05:57:30,2024,2024-06,Jun-24,2024-W22,2024-05-27,Sun,5,Morning Run,Run,10K,False,10.005,4014.0,01:06:54,4268.0,6.687,06:41,8.97,23.45,160.5,5.0,,618.0,2,0,0,964.39,0.0,0.0,0.0
11498315686,2024-05-26,,2024,2024-05,May-24,2024-W21,2024-05-20,Sun,7,Morning Run,Run,Medium,False,13.007,6205.0,01:43:25,6241.0,7.951,07:57,7.55,12.95,153.4,54.0,,851.0,1,5,5,954.38,0.0,0.0,0.0
11494146418,2024-05-25,,2024,2024-05,May-24,2024-W21,2024-05-20,Sat,19,Evening Run,Run,Short,False,2.053,1591.0,26:31:00,1930.0,12.916,12:55,4.65,8.64,100.7,4.0,,111.0,0,0,0,941.38,0.0,0.0,0.0
11468128626,2024-05-22,,2024,2024-05,May-24,2024-W21,2024-05-20,Wed,7,Morning Run,Run,10K,False,10.007,4293.0,01:11:33,4504.0,7.15,07:09,8.39,17.06,161.3,19.0,,663.0,2,1,1,939.32,0.0,0.0,0.0
11455053783,2024-05-20,,2024,2024-05,May-24,2024-W21,2024-05-20,Mon,17,Afternoon Run,Run,Medium,False,7.006,3116.0,51:56:00,3142.0,7.413,07:25,8.09,15.64,158.6,12.0,,448.0,1,1,0,929.32,0.0,0.0,0.0
11447616186,2024-05-19,,2024,2024-05,May-24,2024-W20,2024-05-13,Sun,18,Evening Run,Run,Short,False,1.312,548.0,09:08,552.0,6.961,06:58,8.62,19.58,148.4,2.0,,76.0,0,0,0,922.31,0.0,0.0,0.0
11447615658,2024-05-19,,2024,2024-05,May-24,2024-W20,2024-05-13,Sun,17,Afternoon Run,Run,Medium,False,7.35,3139.0,52:19:00,3225.0,7.118,07:07,8.43,18.91,158.3,20.0,,481.0,0,1,1,921.0,0.0,0.0,0.0
11439485252,2024-05-18,,2024,2024-05,May-24,2024-W20,2024-05-13,Sat,18,Evening Run,Run,Medium,False,7.007,3078.0,51:18:00,3126.0,7.321,07:19,8.2,11.87,159.7,1.0,,482.0,1,2,2,913.65,0.0,0.0,0.0
11413381429,2024-05-15,,2024,2024-05,May-24,2024-W20,2024-05-13,Wed,7,Morning Run,Run,Medium,False,7.009,3108.0,51:48:00,3109.0,7.39,07:23,8.12,13.59,159.1,19.0,,473.0,2,0,0,906.64,0.0,0.0,0.0
11390248273,2024-05-12,2024-12-05T06:00:32,2024,2024-05,May-24,2024-W19,2024-05-06,Sun,6,Morning Run,Run,10K,False,9.522,4052.0,01:07:32,4709.0,7.092,07:06,8.46,13.51,158.8,101.0,,943.0,1,4,4,899.63,0.0,0.0,0.0
11389484773,2024-05-12,2024-12-05T05:59:43,2024,2024-05,May-24,2024-W19,2024-05-06,Sun,5,9K Hill,Run,Medium,False,8.234,3384.0,56:24:00,3895.0,6.85,06:51,8.76,16.67,,92.0,,,0,4,4,890.11,0.0,0.0,0.0
11374103534,2024-05-10,2024-10-05T07:10:40,2024,2024-05,May-24,2024-W19,2024-05-06,Fri,7,10K Medium Pace,Run,10K,True,10.021,4186.0,01:09:46,4336.0,6.962,06:58,8.62,15.78,,12.9,,,1,0,0,881.88,0.0,0.0,0.0
11357757261,2024-05-08,2024-08-05T07:01:11,2024,2024-05,May-24,2024-W19,2024-05-06,Wed,7,7 km Easy Run,Run,Short,False,6.922,2908.0,48:28:00,3072.0,7.002,07:00,8.57,12.74,,17.4,,,1,0,0,871.85,0.0,0.0,0.0
11332264435,2024-05-04,2024-04-05T22:54:17,2024,2024-05,May-24,2024-W18,2024-04-29,Sat,22,5x5 Day 4,Run,5K,False,5.008,1942.0,32:22:00,1952.0,6.463,06:28,9.28,17.82,,58.8,,,1,0,0,864.93,0.0,0.0,0.0
11324188085,2024-05-03,2024-03-05T23:04:36,2024,2024-05,May-24,2024-W18,2024-04-29,Fri,23,Night Run,Run,Short,False,1.501,719.0,11:59,1221.0,7.984,07:59,7.51,26.43,,17.6,,,0,0,0,859.92,0.0,0.0,0.0
11311962392,2024-05-02,2024-02-05T05:45:39,2024,2024-05,May-24,2024-W18,2024-04-29,Thu,5,5x5 Day 2,Run,Short,False,5.691,2705.0,45:05:00,2705.0,7.922,07:55,7.57,10.04,,11.7,,,0,0,0,858.42,0.0,0.0,0.0
11303104556,2024-05-01,2024-01-05T06:04:11,2024,2024-05,May-24,2024-W18,2024-04-29,Wed,6,5x5 Day 1,Run,5K,False,5.205,2217.0,36:57:00,2217.0,7.099,07:06,8.45,14.21,,48.0,,,1,1,1,852.73,0.0,0.0,0.0
11279364739,2024-04-28,,2024,2024-04,Apr-24,2024-W17,2024-04-22,Sun,5,TCS 10K,Run,10K,True,10.299,3580.0,59:40:00,3620.0,5.793,05:48,10.36,15.9,,36.4,,,11,2,2,847.53,0.0,0.0,0.0
11206792503,2024-04-18,,2024,2024-04,Apr-24,2024-W16,2024-04-15,Thu,6,3K Easy + 4K Speed + 15 min rest,Run,Medium,False,7.006,2522.0,42:02:00,3651.0,6.0,06:00,10.0,20.86,,0.0,,,0,0,0,837.23,0.0,0.0,0.0
11199634895,2024-04-17,,2024,2024-04,Apr-24,2024-W16,2024-04-15,Wed,7,45 min Easy,Run,Short,False,6.426,2721.0,45:21:00,2755.0,7.057,07:03,8.5,44.35,,5.5,,,1,0,0,830.22,0.0,0.0,0.0
11176710530,2024-04-14,,2024,2024-04,Apr-24,2024-W15,2024-04-08,Sun,9,3K + 5K + 2K,Run,10K,False,10.005,4110.0,01:08:30,4374.0,6.847,06:51,8.76,31.67,,28.7,,,1,0,0,823.8,0.0,0.0,0.0
11161504300,2024-04-12,2024-12-04T06:57:30,2024,2024-04,Apr-24,2024-W15,2024-04-08,Fri,6,3K Easy + 5K Fast + 20 min rest,Run,Medium,False,7.76,2940.0,49:00:00,4620.0,6.314,06:19,9.5,33.27,,23.2,,,1,2,0,813.79,0.0,0.0,0.0
11157341665,2024-04-11,2024-11-04T19:29:06,2024,2024-04,Apr-24,2024-W15,2024-04-08,Thu,19,Walk,Run,Short,False,3.14,1728.0,28:48:00,2005.0,9.172,09:10,6.54,12.23,,0.0,,,1,0,0,806.03,0.0,0.0,0.0
11146318214,2024-04-10,2024-10-04T06:16:08,2024,2024-04,Apr-24,2024-W15,2024-04-08,Wed,6,45 min Easy,Run,Short,False,6.385,2688.0,44:48:00,2714.0,7.016,07:01,8.55,17.21,,23.5,,,1,0,0,802.89,0.0,0.0,0.0
11123195081,2024-04-07,2024-07-04T06:05:51,2024,2024-04,Apr-24,2024-W14,2024-04-01,Sun,6,5.3K fast + 3K easy + 20 min rest,Run,Medium,False,8.388,2918.0,48:38:00,4247.0,5.798,05:48,10.35,17.26,,0.0,,,1,7,7,796.51,0.0,0.0,0.0
11120724670,2024-04-06,2024-06-04T21:31:57,2024,2024-04,Apr-24,2024-W14,2024-04-01,Sat,21,45 min walk,Walk,Short,False,3.051,2135.0,35:35:00,2182.0,11.663,11:40,5.15,16.39,,5.6,,,1,1,0,788.12,0.0,0.0,0.0
11102180363,2024-04-04,2024-04-04T06:51:52,2024,2024-04,Apr-24,2024-W14,2024-04-01,Thu,6,4K Easy + 3K Fast + 4K Easy,Run,10K,False,10.744,4813.0,01:20:13,4917.0,7.466,07:28,8.04,17.6,,30.4,,,2,1,1,785.07,0.0,0.0,0.0
11094986996,2024-04-03,2024-03-04T06:55:48,2024,2024-04,Apr-24,2024-W14,2024-04-01,Wed,6,Easy 45 min,Run,Short,False,6.261,2673.0,44:33:00,2701.0,7.115,07:07,8.43,13.38,,30.9,,,1,0,0,774.32,0.0,0.0,0.0
11080367353,2024-04-01,2024-01-04T07:00:18,2024,2024-04,Apr-24,2024-W14,2024-04-01,Mon,7,Morning Run,Run,Medium,False,12.002,5215.0,01:26:55,5239.0,7.242,07:15,8.28,16.31,,49.2,,,1,0,0,768.06,0.0,0.0,0.0
11065971909,2024-03-30,,2024,2024-03,Mar-24,2024-W13,2024-03-25,Sat,7,Saturday 10K,Run,10K,True,10.003,4164.0,01:09:24,4224.0,6.938,06:56,8.65,14.2,,5.0,,,2,21,21,756.06,0.0,0.0,0.0
11034259379,2024-03-25,,2024,2024-03,Mar-24,2024-W13,2024-03-25,Mon,17,Nike Run Club: Monday Evening Run,Run,Short,False,3.153,1305.0,21:45,1397.0,6.898,06:54,8.7,23.62,152.4,4.6,,185.0,0,0,0,746.06,0.0,0.0,0.0
11034258439,2024-03-25,,2024,2024-03,Mar-24,2024-W13,2024-03-25,Mon,17,Afternoon Run,Run,Short,False,3.048,1337.0,22:17,1396.0,7.311,07:19,8.21,13.92,,4.6,,,1,0,0,742.9,0.0,0.0,0.0
11034075060,2024-03-25,,2024,2024-03,Mar-24,2024-W13,2024-03-25,Mon,17,Afternoon Run,Run,Short,False,1.78,735.0,12:15,738.0,6.882,06:53,8.72,13.14,,16.2,,,0,0,0,739.86,0.0,0.0,0.0
11021491078,2024-03-23,,2024,2024-03,Mar-24,2024-W12,2024-03-18,Sat,18,Nike Run Club: Saturday Evening Run,Run,Medium,False,8.296,3356.0,55:56:00,4917.0,6.742,06:45,8.9,24.93,159.0,18.9,,509.0,0,0,0,738.08,0.0,0.0,0.0
11018146879,2024-03-23,,2024,2024-03,Mar-24,2024-W12,2024-03-18,Sat,6,Nike Run Club: Saturday Morning Run,Run,Medium,False,12.01,5028.0,01:23:48,5271.0,6.978,06:59,8.6,27.09,155.1,43.6,,720.0,0,0,0,729.78,0.0,0.0,0.0
11005056994,2024-03-21,,2024,2024-03,Mar-24,2024-W12,2024-03-18,Thu,6,Nike Run Club: Thursday Morning Run,Run,Short,False,6.792,2994.0,49:54:00,3770.0,7.347,07:21,8.17,25.29,155.1,19.5,,390.0,0,0,0,717.77,0.0,0.0,0.0
10976039976,2024-03-17,,2024,2024-03,Mar-24,2024-W11,2024-03-11,Sun,10,Nike Run Club: Sunday Morning Run,Run,10K,False,10.013,4006.0,01:06:46,4377.0,6.668,06:40,9.0,23.44,157.4,31.5,,609.0,2,1,1,710.98,0.0,0.0,0.0
10972250792,2024-03-16,,2024,2024-03,Mar-24,2024-W11,2024-03-11,Sat,19,Nike Run Club: Saturday Evening Run,Run,Medium,False,8.02,3580.0,59:40:00,3632.0,7.44,07:26,8.07,24.88,154.4,24.6,,453.0,2,0,0,700.97,0.0,0.0,0.0
10940524801,2024-03-12,2024-12-03T06:02:55,2024,2024-03,Mar-24,2024-W11,2024-03-11,Tue,6,Nike Run Club: Tuesday Morning Run,Run,Medium,False,12.007,4814.0,01:20:14,6498.0,6.682,06:41,8.98,27.5,157.0,43.0,,720.0,1,1,1,692.95,0.0,0.0,0.0
10926707407,2024-03-10,2024-10-03T06:05:42,2024,2024-03,Mar-24,2024-W10,2024-03-04,Sun,6,Nike Run Club: Sunday Morning Run,Run,Medium,False,8.81,3012.0,50:12:00,3091.0,5.698,05:42,10.53,20.81,154.8,9.8,,579.0,2,2,2,680.94,0.0,0.0,0.0
10923775268,2024-03-09,2024-09-03T19:33:50,2024,2024-03,Mar-24,2024-W10,2024-03-04,Sat,19,Nike Run Club: Saturday Evening Run,Run,10K,False,10.066,4727.0,01:18:47,4959.0,7.827,07:50,7.67,24.67,150.9,27.8,,561.0,1,0,0,672.13,0.0,0.0,0.0
10899862407,2024-03-06,2024-06-03T06:45:34,2024,2024-03,Mar-24,2024-W10,2024-03-04,Wed,6,Nike Run Club: Wednesday Morning Run,Run,Medium,False,7.004,2875.0,47:55:00,3082.0,6.841,06:50,8.77,24.79,154.9,16.7,,415.0,2,0,0,662.06,0.0,0.0,0.0
10858557664,2024-02-29,,2024,2024-02,Feb-24,2024-W09,2024-02-26,Thu,6,Nike Run Club: Thursday Morning Run,Run,10K,False,9.735,3976.0,01:06:16,4431.0,6.807,06:48,8.81,16.64,160.6,20.0,,621.0,2,1,1,655.06,0.0,0.0,0.0
10851894760,2024-02-28,,2024,2024-02,Feb-24,2024-W09,2024-02-26,Wed,7,Nike Run Club: Wednesday Morning Run,Run,Short,False,6.005,2535.0,42:15:00,2563.0,7.036,07:02,8.53,17.24,157.2,24.0,,375.0,1,0,0,645.32,0.0,0.0,0.0
10834461860,2024-02-25,,2024,2024-02,Feb-24,2024-W08,2024-02-19,Sun,19,Nike Run Club: Sunday Evening Run,Run,Short,False,4.005,1593.0,26:33:00,1764.0,6.629,06:38,9.05,17.77,158.4,17.0,,258.0,1,0,0,639.32,0.0,0.0,0.0
10786823403,2024-02-18,,2024,2024-02,Feb-24,2024-W07,2024-02-12,Sun,17,Nike Run Club: Sunday Evening Run,Run,10K,False,9.007,3736.0,01:02:16,3993.0,6.913,06:55,8.68,23.49,156.1,43.0,,569.0,1,1,1,635.31,0.0,0.0,0.0
10764083595,2024-02-15,,2024,2024-02,Feb-24,2024-W07,2024-02-12,Thu,6,Nike Run Club: 2Kx4 Hill Run,Run,Medium,False,8.033,3509.0,58:29:00,4222.0,7.28,07:17,8.24,14.43,161.8,140.0,,504.0,1,6,6,626.31,0.0,0.0,0.0
10757887106,2024-02-14,,2024,2024-02,Feb-24,2024-W07,2024-02-12,Wed,7,Nike Run Club: Wednesday Morning Run,Run,Medium,False,8.009,3567.0,59:27:00,3742.0,7.423,07:25,8.08,28.99,154.0,33.0,,495.0,1,2,0,618.27,0.0,0.0,0.0
10744539541,2024-02-12,2024-12-02T07:29:23,2024,2024-02,Feb-24,2024-W07,2024-02-12,Mon,7,Nike Run Club: Monday Morning Run,Run,Medium,False,7.003,3385.0,56:25:00,3476.0,8.056,08:03,7.45,11.66,155.7,28.0,,417.0,1,1,1,610.26,0.0,0.0,0.0
10737500240,2024-02-11,2024-11-02T06:06:19,2024,2024-02,Feb-24,2024-W06,2024-02-05,Sun,6,Nike Run Club: Sunday Morning Run,Run,10K,False,9.975,3549.0,59:09:00,3570.0,5.93,05:56,10.12,21.52,165.0,25.0,,646.0,1,0,0,603.26,0.0,0.0,0.0
10718598257,2024-02-08,2024-08-02T05:57:08,2024,2024-02,Feb-24,2024-W06,2024-02-05,Thu,5,Nike Run Club: Thursday Morning Run,Run,Medium,False,8.005,3221.0,53:41:00,3761.0,6.706,06:42,8.95,19.8,161.1,24.0,,516.0,1,1,1,593.29,0.0,0.0,0.0
10712065671,2024-02-07,2024-07-02T07:03:06,2024,2024-02,Feb-24,2024-W06,2024-02-05,Wed,7,Nike Run Club: Wednesday Morning Run,Run,Medium,False,8.037,3716.0,01:01:56,3806.0,7.706,07:42,7.79,16.89,151.5,31.0,,489.0,1,0,0,585.28,0.0,0.0,0.0
10691470132,2024-02-04,2024-04-02T06:00:39,2024,2024-02,Feb-24,2024-W05,2024-01-29,Sun,6,Nike Run Club: Sunday Morning Run,Run,Medium,False,12.088,5184.0,01:26:24,5940.0,7.148,07:09,8.39,13.8,158.6,33.0,,763.0,1,0,0,577.24,0.0,0.0,0.0
10671477027,2024-02-01,2024-01-02T06:04:22,2024,2024-02,Feb-24,2024-W05,2024-01-29,Thu,6,Nike Run Club: Thursday Morning Run,Run,Short,False,6.092,2316.0,38:36:00,2580.0,6.336,06:20,9.47,14.41,161.3,18.0,,396.0,1,1,1,565.16,0.0,0.0,0.0
10657459755,2024-01-30,,2024,2024-01,Jan-24,2024-W05,2024-01-29,Tue,6,Nike Run Club: Tuesday Morning Run,Run,Short,False,4.014,1613.0,26:53:00,1621.0,6.697,06:42,8.96,21.0,159.2,16.0,,254.0,0,2,1,559.06,0.0,0.0,0.0
10643660631,2024-01-28,,2024,2024-01,Jan-24,2024-W04,2024-01-22,Sun,6,Nike Run Club: Sunday Morning Run,Run,Medium,False,8.576,3455.0,57:35:00,3769.0,6.714,06:43,8.94,15.24,159.1,19.0,,548.0,0,0,0,555.05,0.0,0.0,0.0
10598185919,2024-01-21,,2024,2024-01,Jan-24,2024-W03,2024-01-15,Sun,5,Nike Run Club: Sunday Morning Run,Run,Half,False,21.17,8620.0,02:23:40,9010.0,6.786,06:47,8.84,13.46,159.0,85.0,,1349.0,1,10,10,546.47,0.0,0.0,0.0
10567000908,2024-01-16,,2024,2024-01,Jan-24,2024-W03,2024-01-15,Tue,7,Nike Run Club: Tuesday Morning Run,Run,10K,False,10.003,4225.0,01:10:25,4263.0,7.04,07:02,8.52,22.47,156.1,39.0,,627.0,0,3,3,525.3,0.0,0.0,0.0
10553845304,2024-01-14,,2024,2024-01,Jan-24,2024-W02,2024-01-08,Sun,5,Nike Run Club: Sunday Morning Run,Run,Long,False,16.835,7200.0,02:00:00,7379.0,7.128,07:08,8.42,13.08,158.8,88.0,,1056.0,0,30,30,515.3,0.0,0.0,0.0
10550147054,2024-01-13,,2024,2024-01,Jan-24,2024-W02,2024-01-08,Sat,18,Nike Run Club: Saturday Evening Run,Run,Short,False,4.05,1920.0,32:00:00,2005.0,7.901,07:54,7.59,14.16,152.0,18.0,,246.0,0,0,0,498.47,0.0,0.0,0.0
10508607069,2024-01-07,2024-07-01T05:33:58,2024,2024-01,Jan-24,2024-W01,2024-01-01,Sun,5,Nike Run Club: Sunday Morning Run,Run,10K,False,10.016,3937.0,01:05:37,3946.0,6.551,06:33,9.16,18.43,159.0,59.0,,639.0,0,0,0,494.42,0.0,0.0,0.0
10483235045,2024-01-03,2024-03-01T07:42:31,2024,2024-01,Jan-24,2024-W01,2024-01-01,Wed,7,Nike Run Club: Wednesday Morning Run,Run,Short,False,4.069,1721.0,28:41:00,1729.0,7.049,07:03,8.51,16.05,157.7,17.0,,253.0,0,0,0,484.4,0.0,0.0,0.0
10465666889,2023-12-31,,2023,2023-12,Dec-23,2023-W52,2023-12-25,Sun,10,Nike Run Club: Sunday Morning Run,Run,Medium,False,7.067,2918.0,48:38:00,3140.0,6.882,06:53,8.72,24.31,154.8,35.0,,450.0,1,0,0,480.33,0.0,0.0,0.0
10434431517,2023-12-25,,2023,2023-12,Dec-23,2023-W52,2023-12-25,Mon,18,Nike Run Club: Monday Evening Run,Run,Short,False,0.606,267.0,04:27,275.0,7.343,07:21,8.17,13.33,153.9,2.0,,37.0,0,0,0,473.26,0.0,0.0,0.0
10422457114,2023-12-23,,2023,2023-12,Dec-23,2023-W51,2023-12-18,Sat,6,Nike Run Club: Saturday Morning Run,Run,Long,False,18.008,7578.0,02:06:18,7874.0,7.014,07:01,8.55,15.3,154.5,80.0,,1136.0,0,25,25,472.66,0.0,0.0,0.0
10392090328,2023-12-17,,2023,2023-12,Dec-23,2023-W50,2023-12-11,Sun,5,Nike Run Club: Sunday Morning Run,Run,Long,False,16.006,6666.0,01:51:06,6760.0,6.941,06:56,8.64,25.62,160.7,54.0,,1015.0,0,0,0,454.65,0.0,0.0,0.0
10382174346,2023-12-15,,2023,2023-12,Dec-23,2023-W50,2023-12-11,Fri,8,Nike Run Club: Friday Morning Run,Run,Short,False,3.006,1230.0,20:30,1250.0,6.82,06:49,8.8,17.25,154.3,2.0,,190.0,0,0,0,438.64,0.0,0.0,0.0
10377169908,2023-12-14,,2023,2023-12,Dec-23,2023-W50,2023-12-11,Thu,8,Nike Run Club: Thursday Morning Run,Run,5K,False,5.068,2129.0,35:29:00,2374.0,7.001,07:00,8.57,25.79,154.7,4.0,,302.0,0,0,0,435.64,0.0,0.0,0.0
10356042675,2023-12-10,2023-10-12T07:53:35,2023,2023-12,Dec-23,2023-W49,2023-12-04,Sun,7,Nike Run Club: Sunday Morning Run,Run,Medium,False,7.692,4242.0,01:10:42,4272.0,9.191,09:11,6.53,28.32,131.1,53.0,,417.0,0,2,2,430.57,0.0,0.0,0.0
10335605271,2023-12-06,2023-06-12T08:01:19,2023,2023-12,Dec-23,2023-W49,2023-12-04,Wed,8,Nike Run Club: Wednesday Morning Run,Run,5K,False,5.034,2131.0,35:31:00,2327.0,7.055,07:03,8.5,34.05,154.6,5.0,,295.0,0,0,0,422.88,0.0,0.0,0.0
10322634071,2023-12-03,2023-03-12T18:12:49,2023,2023-12,Dec-23,2023-W48,2023-11-27,Sun,18,Nike Run Club: Sunday Evening Run,Run,Long,False,16.004,7401.0,02:03:21,8590.0,7.707,07:42,7.78,29.15,153.4,18.0,,921.0,0,0,0,417.84,0.0,0.0,0.0
10242815689,2023-11-19,,2023,2023-11,Nov-23,2023-W46,2023-11-13,Sun,6,Nike Run Club: Sunday Morning Run,Run,Medium,False,12.967,4039.0,01:07:19,4128.0,5.191,05:11,11.56,23.75,156.8,0.0,,855.0,0,4,4,401.84,0.0,0.0,0.0
10242598459,2023-11-19,,2023,2023-11,Nov-23,2023-W46,2023-11-13,Sun,6,Nike Run Club: Sunday Morning Run,Run,Other/Short,False,0.124,50.0,00:50,60.0,6.72,06:43,8.9,13.76,127.4,0.0,,8.0,0,0,0,388.87,0.0,0.0,0.0
10237794927,2023-11-18,,2023,2023-11,Nov-23,2023-W46,2023-11-13,Sat,13,Nike Run Club: Saturday Afternoon Run,Run,Short,False,6.023,2589.0,43:09:00,3009.0,7.164,07:10,8.38,28.88,152.5,6.0,,366.0,1,0,0,388.75,0.0,0.0,0.0
10216434517,2023-11-14,,2023,2023-11,Nov-23,2023-W46,2023-11-13,Tue,17,Nike Run Club: Tuesday Evening Run,Run,Medium,False,7.022,2954.0,49:14:00,3599.0,7.011,07:01,8.56,38.03,154.9,4.0,,427.0,0,0,0,382.73,0.0,0.0,0.0
10206209869,2023-11-12,2023-12-11T19:22:37,2023,2023-11,Nov-23,2023-W45,2023-11-06,Sun,19,Nike Run Club: Sunday Evening Run,Run,5K,False,5.117,2406.0,40:06:00,2478.0,7.837,07:50,7.66,21.81,148.0,6.0,,297.0,0,0,0,375.7,0.0,0.0,0.0
10099792423,2023-10-25,,2023,2023-10,Oct-23,2023-W43,2023-10-23,Wed,7,Nike Run Club: Wednesday Morning Run,Run,Short,False,4.092,1786.0,29:46:00,1789.0,7.274,07:16,8.25,22.38,153.1,5.0,,245.0,0,0,0,370.59,0.0,0.0,0.0
10085097325,2023-10-22,,2023,2023-10,Oct-23,2023-W42,2023-10-16,Sun,19,Nike Run Club: Sunday Evening Run,Run,Short,False,6.094,2559.0,42:39:00,2755.0,6.999,07:00,8.57,27.47,153.1,10.0,,364.0,0,0,0,366.5,0.0,0.0,0.0
10043770574,2023-10-15,,2023,2023-10,Oct-23,2023-W41,2023-10-09,Sun,19,Nike Run Club: Sunday Evening Run,Run,Short,False,3.025,1359.0,22:39,1380.0,7.488,07:29,8.01,24.73,149.2,2.0,,183.0,0,0,0,360.4,0.0,0.0,0.0
10003961972,2023-10-09,2023-09-10T07:54:36,2023,2023-10,Oct-23,2023-W41,2023-10-09,Mon,7,Nike Run Club: Monday Morning Run,Run,Short,False,4.014,1840.0,30:40:00,1889.0,7.64,07:38,7.85,23.45,154.5,5.0,,230.0,1,0,0,357.38,0.0,0.0,0.0
9956066339,2023-10-01,2023-01-10T18:48:26,2023,2023-10,Oct-23,2023-W39,2023-09-25,Sun,18,Nike Run Club: Sunday Evening Run,Run,Short,False,4.025,1770.0,29:30:00,1784.0,7.329,07:20,8.19,30.89,153.1,3.0,,246.0,0,0,0,353.36,0.0,0.0,0.0
9940821360,2023-09-29,,2023,2023-09,Sep-23,2023-W39,2023-09-25,Fri,8,Nike Run Club: Friday Morning Run,Run,Short,False,4.012,1803.0,30:03:00,1816.0,7.49,07:29,8.01,27.86,150.1,2.0,,238.0,0,1,1,349.34,0.0,0.0,0.0
9915878529,2023-09-25,,2023,2023-09,Sep-23,2023-W39,2023-09-25,Mon,12,Nike Run Club: Monday Afternoon Run,Run,5K,False,5.022,2152.0,35:52:00,2323.0,7.142,07:09,8.4,34.82,149.9,8.0,,306.0,3,1,0,345.33,0.0,0.0,0.0
8077316708,2022-11-04,2022-04-11T13:23:18,2022,2022-11,Nov-22,2022-W44,2022-10-31,Fri,13,Evening Run,Run,Short,False,6.0,2520.0,42:00:00,2520.0,7.0,07:00,8.57,,,0.0,,,0,0,0,340.3,0.0,0.0,0.0
8063084482,2022-11-03,2022-03-11T16:14:22,2022,2022-11,Nov-22,2022-W44,2022-10-31,Thu,16,Night Run,Run,Short,False,3.0,,,,,,0.0,,,0.0,,,0,0,0,334.3,0.0,0.0,0.0
8022503354,2022-10-26,,2022,2022-10,Oct-22,2022-W43,2022-10-24,Wed,19,Evening Run,Run,5K,False,5.004,2405.0,40:05:00,2469.0,8.01,08:01,7.49,15.46,,13.8,,,0,0,0,331.3,0.0,0.0,0.0
8016988284,2022-10-25,,2022,2022-10,Oct-22,2022-W43,2022-10-24,Tue,19,Evening Run,Run,Short,False,3.296,1517.0,25:17:00,1554.0,7.671,07:40,7.82,14.59,,8.9,,,0,0,0,326.3,0.0,0.0,0.0
8016878255,2022-10-25,,2022,2022-10,Oct-22,2022-W43,2022-10-24,Tue,18,Evening Run,Run,Short,False,1.682,913.0,15:13,1023.0,9.047,09:03,6.63,13.26,,5.7,,,0,0,0,323.0,0.0,0.0,0.0
8011994290,2022-10-24,,2022,2022-10,Oct-22,2022-W43,2022-10-24,Mon,18,Evening Run,Run,Short,False,6.008,3053.0,50:53:00,3153.0,8.469,08:28,7.08,15.81,,21.5,,,0,0,0,321.32,0.0,0.0,0.0
8005154198,2022-10-23,,2022,2022-10,Oct-22,2022-W42,2022-10-17,Sun,11,Lunch Run,Run,Short,False,6.504,3261.0,54:21:00,4111.0,8.356,08:21,7.18,18.28,,11.4,,,0,0,0,315.31,0.0,0.0,0.0
8002770916,2022-10-22,,2022,2022-10,Oct-22,2022-W42,2022-10-17,Sat,20,Evening Run,Run,10K,False,9.06,4506.0,01:15:06,4546.0,8.289,08:17,7.24,17.96,,24.6,,,0,1,1,308.81,0.0,0.0,0.0
7983344855,2022-10-18,,2022,2022-10,Oct-22,2022-W42,2022-10-17,Tue,22,Night Run,Run,5K,False,5.503,2295.0,38:15:00,2344.0,6.951,06:57,8.63,22.48,,0.0,,,0,0,0,299.75,0.0,0.0,0.0
7977546072,2022-10-17,,2022,2022-10,Oct-22,2022-W42,2022-10-17,Mon,19,Evening Run,Run,10K,False,9.399,4342.0,01:12:22,4667.0,7.699,07:42,7.79,21.1,,0.0,,,1,0,0,294.25,0.0,0.0,0.0
7973557126,2022-10-16,,2022,2022-10,Oct-22,2022-W41,2022-10-10,Sun,22,Night Run,Run,Other/Short,False,0.224,103.0,01:43,105.0,7.664,07:40,7.84,21.72,,0.0,,,0,0,0,284.85,0.0,0.0,0.0
7962752758,2022-10-14,,2022,2022-10,Oct-22,2022-W41,2022-10-10,Fri,22,Friday Night Done Right,Run,5K,False,5.04,2365.0,39:25:00,2438.0,7.821,07:49,7.67,19.87,,2.0,,,0,0,0,284.62,0.0,0.0,0.0
7941471779,2022-10-09,2022-09-10T19:15:27,2022,2022-10,Oct-22,2022-W40,2022-10-03,Sun,19,Monday Blues,Run,Short,False,6.0,,,,,,0.0,,,0.0,,,0,0,0,279.58,0.0,0.0,0.0
7934836155,2022-10-09,2022-09-10T09:54:15,2022,2022-10,Oct-22,2022-W40,2022-10-03,Sun,9,Sunday Bad Run,Run,Short,False,1.5,,,,,,0.0,,,0.0,,,0,0,0,273.58,0.0,0.0,0.0
7934698106,2022-10-09,2022-09-10T09:36:24,2022,2022-10,Oct-22,2022-W40,2022-10-03,Sun,9,Sunday Bad Run,Run,Short,False,2.5,,,,,,0.0,,,0.0,,,0,0,0,272.08,0.0,0.0,0.0
7923570439,2022-10-07,2022-07-10T08:01:44,2022,2022-10,Oct-22,2022-W40,2022-10-03,Fri,8,Morning Run,Run,Other/Short,False,0.17,105.0,01:45,114.0,10.294,10:18,5.82,9.5,,0.0,,,0,0,0,269.58,0.0,0.0,0.0
7923566417,2022-10-07,2022-07-10T07:33:53,2022,2022-10,Oct-22,2022-W40,2022-10-03,Fri,7,Morning Run,Run,Short,False,3.994,1532.0,25:32:00,1642.0,6.393,06:24,9.39,21.62,,0.0,,,0,0,0,269.41,0.0,0.0,0.0
7920541478,2022-10-06,2022-06-10T18:28:48,2022,2022-10,Oct-22,2022-W40,2022-10-03,Thu,18,Evening Run,Run,Medium,False,7.027,3404.0,56:44:00,3452.0,8.074,08:04,7.43,23.13,,20.3,,,1,0,0,265.42,0.0,0.0,0.0
7910270589,2022-10-04,2022-04-10T18:55:02,2022,2022-10,Oct-22,2022-W40,2022-10-03,Tue,18,Evening Run,Run,5K,False,4.504,2111.0,35:11:00,2159.0,7.812,07:49,7.68,16.68,,12.1,,,0,0,0,258.39,0.0,0.0,0.0
7905749364,2022-10-03,2022-03-10T21:38:37,2022,2022-10,Oct-22,2022-W40,2022-10-03,Mon,21,Night Run,Run,Short,False,6.071,2727.0,45:27:00,2796.0,7.486,07:29,8.01,20.55,,12.2,,,0,0,0,253.89,0.0,0.0,0.0
7897901632,2022-10-02,2022-02-10T11:57:21,2022,2022-10,Oct-22,2022-W39,2022-09-26,Sun,11,Lunch Run,Run,Short,False,6.514,3129.0,52:09:00,4245.0,8.006,08:00,7.49,27.12,,8.3,,,1,0,0,247.82,0.0,0.0,0.0
7897718304,2022-10-02,2022-02-10T11:27:47,2022,2022-10,Oct-22,2022-W39,2022-09-26,Sun,11,Lunch Run,Run,Short,False,3.37,1523.0,25:23:00,1730.0,7.532,07:32,7.97,18.1,,10.2,,,1,0,0,241.3,0.0,0.0,0.0
7892700345,2022-10-01,2022-01-10T12:52:01,2022,2022-10,Oct-22,2022-W39,2022-09-26,Sat,12,Lunch Run,Run,Short,False,1.137,648.0,10:48,670.0,9.499,09:30,6.32,12.94,,0.0,,,0,0,0,237.93,0.0,0.0,0.0
7892664745,2022-10-01,2022-01-10T11:34:59,2022,2022-10,Oct-22,2022-W39,2022-09-26,Sat,11,Lunch Run,Run,Medium,False,7.02,3161.0,52:41:00,4562.0,7.505,07:30,7.99,20.82,,12.1,,,2,1,0,236.8,0.0,0.0,0.0
7698261084,2022-08-25,,2022,2022-08,Aug-22,2022-W34,2022-08-22,Thu,19,Evening Run,Run,Short,False,6.268,3081.0,51:21:00,3540.0,8.192,08:12,7.32,44.43,,14.7,,,0,0,0,229.78,0.0,0.0,0.0
7692608040,2022-08-24,,2022,2022-08,Aug-22,2022-W34,2022-08-22,Wed,19,Evening Run,Run,Short,False,4.347,2167.0,36:07:00,2470.0,8.308,08:19,7.22,21.66,,17.5,,,0,0,0,223.51,0.0,0.0,0.0
7692411650,2022-08-22,,2022,2022-08,Aug-22,2022-W34,2022-08-22,Mon,19,Evening Run,Run,Ultra/Long,False,26.056,11333.0,03:08:53,,7.249,07:15,8.28,47.58,,67.7,,,0,6,5,219.16,0.0,0.0,0.0
7636486963,2022-08-14,,2022,2022-08,Aug-22,2022-W32,2022-08-08,Sun,15,Afternoon Run,Run,5K,False,5.305,4249.0,01:10:49,9395.0,13.349,13:21,4.49,15.47,,17.1,,,0,0,0,193.11,0.0,0.0,0.0
7629142102,2022-08-13,,2022,2022-08,Aug-22,2022-W32,2022-08-08,Sat,11,Lunch Run,Run,Medium,False,8.588,4613.0,01:16:53,4747.0,8.952,08:57,6.7,29.41,,32.5,,,0,1,0,187.8,0.0,0.0,0.0
7626855791,2022-08-12,2022-12-08T21:45:14,2022,2022-08,Aug-22,2022-W32,2022-08-08,Fri,21,Night Run,Run,Medium,False,7.049,4553.0,01:15:53,4767.0,10.765,10:46,5.57,11.08,,30.2,,,0,1,1,179.21,0.0,0.0,0.0
7620583929,2022-08-11,2022-11-08T19:12:15,2022,2022-08,Aug-22,2022-W32,2022-08-08,Thu,19,Evening Run,Run,Short,False,6.104,2888.0,48:08:00,2926.0,7.886,07:53,7.61,16.2,,19.4,,,0,0,0,172.16,0.0,0.0,0.0
7620342269,2022-08-09,2022-09-08T18:12:45,2022,2022-08,Aug-22,2022-W32,2022-08-08,Tue,18,Evening Run,Run,Short,False,5.96,1526.0,25:26:00,6800.0,4.267,04:16,14.06,14.53,,6.9,,,0,0,0,166.06,0.0,0.0,0.0
7592303742,2022-08-06,2022-06-08T18:30:01,2022,2022-08,Aug-22,2022-W31,2022-08-01,Sat,18,Evening Run,Run,5K,False,5.194,3352.0,55:52:00,3582.0,10.756,10:45,5.58,10.91,,6.4,,,0,0,0,160.1,0.0,0.0,0.0
7581722763,2022-08-04,2022-04-08T19:21:53,2022,2022-08,Aug-22,2022-W31,2022-08-01,Thu,19,Evening Run,Run,Short,False,3.198,2098.0,34:58:00,2335.0,10.934,10:56,5.49,11.92,,6.9,,,0,0,0,154.91,0.0,0.0,0.0
7581540875,2022-08-04,2022-04-08T18:33:05,2022,2022-08,Aug-22,2022-W31,2022-08-01,Thu,18,Evening Run,Run,Short,False,6.213,2716.0,45:16:00,2754.0,7.286,07:17,8.23,24.79,,0.0,,,0,0,0,151.71,0.0,0.0,0.0
7564443002,2022-08-01,2022-01-08T18:49:01,2022,2022-08,Aug-22,2022-W31,2022-08-01,Mon,18,Evening Run,Run,Short,False,6.654,3795.0,01:03:15,4049.0,9.506,09:30,6.31,26.49,,8.1,,,0,3,3,145.49,0.0,0.0,0.0
7557186996,2022-07-31,,2022,2022-07,Jul-22,2022-W30,2022-07-25,Sun,12,Lunch Run,Run,Short,False,6.007,2435.0,40:35:00,3129.0,6.756,06:45,8.88,20.64,,10.0,,,0,0,0,138.84,0.0,0.0,0.0
7553627850,2022-07-30,,2022,2022-07,Jul-22,2022-W30,2022-07-25,Sat,19,Evening Run,Run,Other/Short,False,0.22,164.0,02:44,177.0,12.424,12:25,4.83,8.67,,0.0,,,0,0,0,132.83,0.0,0.0,0.0
7553572366,2022-07-30,,2022,2022-07,Jul-22,2022-W30,2022-07-25,Sat,18,Evening Run,Run,Short,False,6.185,2902.0,48:22:00,2995.0,7.82,07:49,7.67,29.51,,12.9,,,0,0,0,132.61,0.0,0.0,0.0
7451238098,2022-07-11,2022-11-07T18:43:18,2022,2022-07,Jul-22,2022-W28,2022-07-11,Mon,18,Evening Run,Run,Short,False,2.021,3076.0,51:16:00,3082.0,,,2.37,14.0,,7.6,,,0,0,0,126.43,0.0,0.0,0.0
7436148284,2022-07-08,2022-08-07T21:50:37,2022,2022-07,Jul-22,2022-W27,2022-07-04,Fri,21,Night Run,Run,5K,False,4.863,2375.0,39:35:00,2465.0,8.14,08:08,7.37,16.33,,6.4,,,0,2,2,124.41,0.0,0.0,0.0
7430378303,2022-07-07,2022-07-07T20:14:06,2022,2022-07,Jul-22,2022-W27,2022-07-04,Thu,20,Evening Run,Run,Short,False,1.509,863.0,14:23,1101.0,9.532,09:32,6.29,38.35,,2.2,,,0,0,0,119.54,0.0,0.0,0.0
7406315977,2022-07-03,2022-03-07T12:15:33,2022,2022-07,Jul-22,2022-W26,2022-06-27,Sun,12,Lunch Run,Run,Other/Short,False,0.298,164.0,02:44,224.0,9.172,09:10,6.54,25.72,,0.0,,,0,0,0,118.04,0.0,0.0,0.0
7406294151,2022-07-03,2022-03-07T10:33:17,2022,2022-07,Jul-22,2022-W26,2022-06-27,Sun,10,Morning Run,Run,Medium,False,7.596,3066.0,51:06:00,6023.0,6.727,06:44,8.92,64.01,,21.5,,,0,7,6,117.74,0.0,0.0,0.0
7297057554,2022-06-12,2022-12-06T19:01:22,2022,2022-06,Jun-22,2022-W23,2022-06-06,Sun,19,Evening Run,Run,Short,False,6.01,2505.0,41:45:00,2538.0,6.947,06:57,8.64,16.47,,0.0,,,0,3,3,110.14,0.0,0.0,0.0
7283494351,2022-06-10,2022-10-06T07:36:30,2022,2022-06,Jun-22,2022-W23,2022-06-06,Fri,7,Morning Run,Run,Short,False,6.072,2597.0,43:17:00,2878.0,7.128,07:08,8.42,20.09,,16.7,,,0,0,0,104.13,0.0,0.0,0.0
7278378288,2022-06-09,2022-09-06T07:56:32,2022,2022-06,Jun-22,2022-W23,2022-06-06,Thu,7,Morning Run,Run,Short,False,6.527,2532.0,42:12:00,2583.0,6.465,06:28,9.28,21.22,,22.6,,,0,5,5,98.06,0.0,0.0,0.0
7275180919,2022-06-08,2022-08-06T18:34:59,2022,2022-06,Jun-22,2022-W23,2022-06-06,Wed,18,Evening Run,Run,Short,False,6.503,2626.0,43:46:00,2736.0,6.73,06:44,8.91,83.16,,20.9,,,0,6,6,91.53,0.0,0.0,0.0
7256744738,2022-06-05,2022-05-06T06:19:33,2022,2022-06,Jun-22,2022-W22,2022-05-30,Sun,6,Morning Ride,Ride,Other/Short,False,17.978,7103.0,01:58:23,10562.0,6.585,06:35,9.11,44.73,,54.6,,,0,1,0,85.03,0.0,0.0,0.0
7253885135,2022-06-04,2022-04-06T19:53:51,2022,2022-06,Jun-22,2022-W22,2022-05-30,Sat,19,Evening Ride,Ride,Other/Short,False,2.351,938.0,15:38,1051.0,6.65,06:39,9.02,18.8,,13.1,,,0,0,0,85.03,0.0,0.0,0.0
7253595323,2022-06-04,2022-04-06T18:36:15,2022,2022-06,Jun-22,2022-W22,2022-05-30,Sat,18,Evening Run,Run,Short,False,6.025,2699.0,44:59:00,3032.0,7.466,07:28,8.04,17.25,,29.6,,,0,1,1,85.03,0.0,0.0,0.0
7248575762,2022-06-03,2022-03-06T19:53:58,2022,2022-06,Jun-22,2022-W22,2022-05-30,Fri,19,Evening Ride,Ride,Other/Short,False,2.968,1150.0,19:10,1727.0,6.458,06:27,9.29,22.29,,11.4,,,0,1,0,79.0,0.0,0.0,0.0
7248432214,2022-06-03,2022-03-06T19:04:24,2022,2022-06,Jun-22,2022-W22,2022-05-30,Fri,19,Evening Run,Run,Short,False,6.038,2799.0,46:39:00,2848.0,7.726,07:44,7.77,15.8,,17.6,,,0,1,1,79.0,0.0,0.0,0.0
7248205316,2022-06-03,2022-03-06T18:52:46,2022,2022-06,Jun-22,2022-W22,2022-05-30,Fri,18,Evening Ride,Ride,Other/Short,False,2.279,600.0,10:00,620.0,4.388,04:23,13.67,23.64,,12.8,,,0,0,0,72.97,0.0,0.0,0.0
7243209828,2022-06-02,2022-02-06T19:50:19,2022,2022-06,Jun-22,2022-W22,2022-05-30,Thu,19,Evening Ride,Ride,Other/Short,False,2.419,949.0,15:49,949.0,6.539,06:32,9.18,17.45,,11.6,,,0,0,0,72.97,0.0,0.0,0.0
7243123249,2022-06-02,2022-02-06T18:59:11,2022,2022-06,Jun-22,2022-W22,2022-05-30,Thu,18,Evening Run,Run,Short,False,5.991,2896.0,48:16:00,2931.0,8.057,08:03,7.45,21.57,,13.3,,,0,0,0,72.97,0.0,0.0,0.0
7242887046,2022-06-02,2022-02-06T18:45:31,2022,2022-06,Jun-22,2022-W22,2022-05-30,Thu,18,Evening Ride,Ride,Other/Short,False,1.471,558.0,09:18,741.0,6.322,06:19,9.49,20.35,,9.8,,,0,0,0,66.98,0.0,0.0,0.0
7230611502,2022-05-31,,2022,2022-05,May-22,2022-W22,2022-05-30,Tue,13,Afternoon Run,Run,Short,False,5.606,2549.0,42:29:00,2722.0,7.578,07:35,7.92,17.29,,10.1,,,0,0,0,66.98,0.0,0.0,0.0
7225235370,2022-05-30,,2022,2022-05,May-22,2022-W22,2022-05-30,Mon,11,Lunch Run,Run,Medium,False,7.354,3070.0,51:10:00,4132.0,6.958,06:57,8.62,22.98,,12.1,,,0,1,0,61.37,0.0,0.0,0.0
7221830075,2022-05-29,,2022,2022-05,May-22,2022-W21,2022-05-23,Sun,18,Evening Run,Run,Short,False,1.002,420.0,07:00,450.0,6.986,06:59,8.59,14.82,,5.8,,,0,0,0,54.02,0.0,0.0,0.0
7217633966,2022-05-28,,2022,2022-05,May-22,2022-W21,2022-05-23,Sat,22,Night Run,Run,5K,False,5.172,2229.0,37:09:00,2302.0,7.183,07:11,8.35,16.15,,7.4,,,0,2,2,53.01,0.0,0.0,0.0
7211239461,2022-05-27,,2022,2022-05,May-22,2022-W21,2022-05-23,Fri,19,Evening Run,Run,Short,False,3.139,1778.0,29:38:00,2193.0,9.44,09:26,6.36,24.0,,8.8,,,0,1,1,47.84,0.0,0.0,0.0
7200484702,2022-05-25,,2022,2022-05,May-22,2022-W21,2022-05-23,Wed,19,Evening Run,Run,5K,False,5.176,2118.0,35:18:00,2202.0,6.82,06:49,8.8,21.59,,7.4,,,0,2,2,44.7,0.0,0.0,0.0
7189800822,2022-05-23,,2022,2022-05,May-22,2022-W21,2022-05-23,Mon,18,Evening Run,Run,5K,False,4.908,2065.0,34:25:00,2587.0,7.012,07:01,8.56,17.66,,15.6,,,0,1,1,39.53,0.0,0.0,0.0
7184430183,2022-05-22,,2022,2022-05,May-22,2022-W20,2022-05-16,Sun,17,Afternoon Run,Run,5K,False,5.168,2027.0,33:47:00,2041.0,6.537,06:32,9.18,19.91,,6.4,,,0,5,5,34.62,0.0,0.0,0.0
7174008331,2022-05-20,,2022,2022-05,May-22,2022-W20,2022-05-16,Fri,19,Evening Run,Run,5K,False,5.01,1984.0,33:04:00,2050.0,6.6,06:36,9.09,19.14,,13.5,,,0,4,4,29.45,0.0,0.0,0.0
7166707250,2022-05-19,,2022,2022-05,May-22,2022-W20,2022-05-16,Thu,9,Morning Run,Run,Short,False,3.008,1122.0,18:42,1187.0,6.217,06:13,9.65,23.55,,3.3,,,0,6,6,24.44,0.0,0.0,0.0
7163262280,2022-05-18,,2022,2022-05,May-22,2022-W20,2022-05-16,Wed,19,Evening Run,Run,5K,False,4.908,2013.0,33:33:00,2086.0,6.836,06:50,8.78,19.68,,13.6,,,0,6,6,21.43,0.0,0.0,0.0
7157737180,2022-05-17,,2022,2022-05,May-22,2022-W20,2022-05-16,Tue,19,Evening Run,Run,5K,False,5.184,3273.0,54:33:00,3851.0,10.523,10:31,5.7,14.03,,7.7,,,0,6,6,16.52,0.0,0.0,0.0
7102975193,2022-05-07,2022-07-05T19:45:25,2022,2022-05,May-22,2022-W18,2022-05-02,Sat,19,Evening Run,Run,5K,False,5.207,2056.0,34:16:00,2072.0,6.581,06:35,9.12,22.77,,17.8,,,0,6,6,11.34,0.0,0.0,0.0
7097269936,2022-05-06,2022-06-05T18:30:24,2022,2022-05,May-22,2022-W18,2022-05-02,Fri,18,Evening Run,Run,Short,False,6.133,2441.0,40:41:00,2477.0,6.634,06:38,9.04,25.7,,18.5,,,0,2,0,6.13,0.0,0.0,0.0
18913476456,2026-06-14,,2026,2026-06,Jun-26,2026-W24,2026-06-08,Sun,13,#Run14 2026 Heat Kill 5K,Run,5K,False,5.008,2145.0,35:45,2255.0,7.139,07:08,8.4,18.58,163.9,12.0,141.0,354.0,5,5,5,2668.17,,,
18930791489,2026-06-15,,2026,2026-06,Jun-26,2026-W25,2026-06-15,Mon,20,#Run15 2026 4K Zone 2 attempt,Run,Short,False,4.012,2059.0,34:19,2099.0,8.554,08:33,7.01,13.82,164.1,6.0,73.0,257.0,0,1,0,2672.18,,,
