activity_id,datetime_local,date,name,sport,distance_km,duration_s,pace_str,pace_s_per_km,avg_hr,max_hr,avg_cadence_spm,avg_power,avg_gct_ms,avg_vert_osc_mm,avg_vert_ratio,avg_stride_m,vo2max,aerobic_te,anaerobic_te,training_load,rpe,body_battery_delta,calories,elev_gain_m,location,hr_z1_s,hr_z2_s,hr_z3_s,hr_z4_s,hr_z5_s
15347401851,2024-05-12T06:00:32,2024-05-12,3K x 3 Hill Run,RUNNING,9.522,4052.0,07:06,425.6,180.0,196.0,152.0,216.0,284.6,8.8,9.77,0.908,42.0,5.0,2.799999952316284,483.7,90.0,,3951.1888599999997,10100.0,Mumbai,,,,,
15399066985,2024-05-15T07:12:29,2024-05-15,Mumbai Running,RUNNING,7.013,3108.0,07:23,443.2,179.0,193.0,156.0,207.0,290.8,8.7,10.11,0.858,41.0,5.0,0.30000001192092896,175.6,50.0,-26.0,1981.8794599999999,1900.0,Mumbai,,,,,
15455465415,2024-05-18T18:46:32,2024-05-18,Mumbai Running,RUNNING,7.007,3078.0,07:19,439.3,183.0,200.0,158.0,206.0,290.3,8.7,10.15,0.856,39.0,4.699999809265137,0.30000001192092896,235.4,60.0,-13.0,2019.58964,100.0,Mumbai,,,,,
15472524867,2024-05-19T17:03:39,2024-05-19,Mumbai Running,RUNNING,7.351,3225.0,07:19,438.7,176.0,186.0,154.0,206.0,285.9,8.7,9.81,0.886,39.0,4.400000095367432,0.0,215.3,60.0,-6.0,2015.39962,2000.0,Mumbai,,,,,
15472525074,2024-05-19T18:21:12,2024-05-19,Mumbai - Benchmark Run,RUNNING,1.312,549.0,06:58,418.3,160.0,187.0,142.0,207.0,259.7,8.2,8.04,1.025,39.0,2.200000047683716,2.299999952316284,86.6,20.0,-1.0,318.44151999999997,200.0,Mumbai,,,,,
15488679464,2024-05-20T17:41:43,2024-05-20,Mumbai Running,RUNNING,7.006,3116.0,07:25,444.9,174.0,193.0,156.0,206.0,286.3,8.5,9.87,0.868,39.0,4.0,2.5999999046325684,250.6,70.0,-3.0,1877.1289599999998,1200.0,Mumbai,,,,,
15516226083,2024-05-22T07:32:02,2024-05-22,Mumbai Running,RUNNING,10.006,4294.0,07:09,429.1,178.0,190.0,156.0,214.0,281.5,8.6,9.69,0.892,39.0,5.0,1.7000000476837158,356.6,90.0,-23.0,2777.98326,1900.0,Mumbai,,,,,
15572799825,2024-05-25T19:04:14,2024-05-25,Mumbai Running,RUNNING,2.053,1930.0,15:40,940.1,101.0,119.0,74.0,55.0,,5.6,7.68,0.761,,0.30000001192092896,0.0,4.3,10.0,-1.0,465.09221999999994,400.0,Mumbai,,,,,
15581219308,2024-05-26T07:32:14,2024-05-26,Mumbai Running,RUNNING,13.008,6206.0,07:57,477.1,177.0,195.0,150.0,188.0,295.4,8.3,10.1,0.824,38.0,4.5,0.20000000298023224,246.2,90.0,-27.0,3565.70702,5400.0,Mumbai,,,,,
15696470151,2024-06-02T05:57:30,2024-06-02,Surat Running,RUNNING,10.006,4014.0,06:41,401.2,177.0,193.0,156.0,224.0,277.4,8.8,9.44,0.938,39.0,5.0,1.5,320.9,80.0,-21.0,2589.43236,500.0,Surat,,,,,
15815600262,2024-06-09T05:58:45,2024-06-09,Mumbai Running,RUNNING,12.003,5133.0,07:08,427.7,182.0,191.0,158.0,215.0,289.0,8.8,10.01,0.885,39.0,5.0,0.0,339.5,80.0,-17.0,3326.8758799999996,600.0,Mumbai,,,,,
15849147397,2024-06-11T07:08:43,2024-06-11,Mumbai - Base,RUNNING,6.006,2815.0,07:49,468.7,175.0,185.0,156.0,198.0,292.9,8.4,10.31,0.816,39.0,3.4000000953674316,0.0,114.5,50.0,-14.0,1617.3477199999998,1500.0,Mumbai,,,,,
15909524563,2024-06-14T20:26:21,2024-06-14,Gurgaon - Interval 400 m,RUNNING,8.479,4629.0,09:06,545.9,176.0,204.0,108.0,164.0,273.0,8.6,9.11,1.017,39.0,5.0,4.400000095367432,500.3,80.0,0.0,2761.22318,3900.0,Gurgaon,,,,,
15965693977,2024-06-18T07:28:44,2024-06-18,Mumbai - Base,RUNNING,6.489,3003.0,07:43,462.9,174.0,188.0,158.0,205.0,291.9,8.5,10.25,0.832,38.0,3.799999952316284,0.0,148.8,50.0,-14.0,1759.8084,1900.0,Mumbai,,,,,
16001263118,2024-06-20T07:52:53,2024-06-20,Mumbai - Interval 400 m,RUNNING,5.777,2881.0,08:19,498.7,178.0,200.0,120.0,173.0,270.3,8.7,9.18,0.984,39.0,4.599999904632568,3.799999952316284,355.3,80.0,-18.0,1822.6587,1100.0,Mumbai,,,,,
16039487959,2024-06-22T17:40:11,2024-06-22,Mumbai Running,RUNNING,3.002,1746.0,09:42,581.5,150.0,178.0,130.0,149.0,299.0,7.4,9.74,0.801,39.0,2.5999999046325684,0.0,57.2,40.0,-3.0,783.53374,600.0,Mumbai,,,,,
16049707434,2024-06-23T11:21:14,2024-06-23,Mumbai Running,RUNNING,9.006,4012.0,07:25,445.5,184.0,198.0,154.0,208.0,286.3,8.5,9.75,0.875,38.0,5.0,1.7999999523162842,304.6,100.0,-17.0,2543.3421399999997,2400.0,Mumbai,,,,,
16390703737,2024-07-13T19:31:50,2024-07-13,Mumbai Running,RUNNING,5.005,2504.0,08:20,500.3,183.0,195.0,146.0,190.0,298.7,8.5,10.43,0.819,38.0,3.9000000953674316,0.0,118.1,50.0,-9.0,1449.7469199999998,700.0,Mumbai,,,,,
16432066465,2024-07-16T06:46:23,2024-07-16,Mumbai Running,RUNNING,5.133,2284.0,07:25,445.0,182.0,199.0,156.0,207.0,290.4,8.7,10.15,0.854,38.0,4.699999809265137,0.0,169.2,60.0,-9.0,1416.2267599999998,1500.0,Mumbai,,,,,
16507842695,2024-07-20T17:12:24,2024-07-20,Mumbai Running,RUNNING,5.333,2326.0,07:16,436.1,188.0,206.0,156.0,221.0,288.8,8.8,10.02,0.882,37.0,5.0,3.4000000953674316,288.7,70.0,-16.0,1495.8371399999999,1700.0,Mumbai,,,,,
16520414298,2024-07-21T12:19:27,2024-07-21,Mumbai Running,RUNNING,10.004,4479.0,07:28,447.7,184.0,198.0,158.0,210.0,288.8,8.5,10.11,0.842,37.0,5.0,1.100000023841858,240.9,90.0,-7.0,2660.6627,3800.0,Mumbai,,,,,
16577197454,2024-07-24T17:33:23,2024-07-24,Mumbai Running,RUNNING,5.764,2459.0,07:07,426.6,181.0,190.0,160.0,225.0,285.3,8.7,9.92,0.882,37.0,5.0,0.0,194.6,50.0,0.0,1541.92736,1500.0,Mumbai,,,,,
16599830816,2024-07-27T08:01:31,2024-07-27,Mumbai Running,RUNNING,5.008,2287.0,07:37,456.7,175.0,186.0,158.0,201.0,290.8,8.4,10.27,0.821,38.0,3.9000000953674316,0.0,130.9,50.0,-13.0,1324.04632,1000.0,Mumbai,,,,,
16609028331,2024-07-28T12:00:34,2024-07-28,Mumbai Running,RUNNING,5.044,2182.0,07:13,432.6,179.0,188.0,158.0,216.0,283.0,8.5,9.89,0.859,38.0,4.199999809265137,0.20000000298023224,169.8,80.0,-9.0,1365.94652,5400.0,Mumbai,,,,,
16609280595,2024-07-28T12:51:00,2024-07-28,Mumbai Running,RUNNING,4.498,1975.0,07:19,439.1,187.0,194.0,156.0,210.0,282.5,8.4,9.69,0.867,38.0,4.199999809265137,0.0,164.5,90.0,-8.0,1257.0059999999999,4200.0,Mumbai,,,,,
16620589734,2024-07-29T18:28:23,2024-07-29,Mumbai Running,RUNNING,7.008,3012.0,07:10,429.8,175.0,191.0,156.0,213.0,284.3,8.7,9.82,0.889,38.0,4.5,0.20000000298023224,209.1,80.0,-9.0,1856.1788599999998,900.0,Mumbai,,,,,
16643278192,2024-08-01T06:10:33,2024-08-01,Mumbai Running,RUNNING,7.007,3003.0,07:09,428.6,176.0,191.0,160.0,214.0,285.8,8.7,9.97,0.87,38.0,4.599999904632568,0.0,211.5,70.0,-15.0,1843.6087999999997,1800.0,Mumbai,,,,,
16660841759,2024-08-03T12:34:01,2024-08-03,Mumbai Running,RUNNING,4.007,1615.0,06:43,403.0,162.0,190.0,158.0,226.0,278.0,8.8,9.54,0.932,38.0,3.5999999046325684,0.0,132.9,60.0,-13.0,993.0347399999999,1300.0,Mumbai,,,,,
16669490687,2024-08-04T12:43:01,2024-08-04,Mumbai Running,RUNNING,5.011,2000.0,06:39,399.2,182.0,194.0,162.0,236.0,277.5,8.8,9.57,0.919,38.0,4.300000190734863,0.20000000298023224,200.4,70.0,-9.0,1311.47626,5000.0,Mumbai,,,,,
16669768047,2024-08-04T13:46:28,2024-08-04,Mumbai Running,RUNNING,1.007,429.0,07:06,426.0,170.0,184.0,160.0,213.0,282.1,8.6,9.83,0.88,38.0,2.200000047683716,0.0,39.5,10.0,-2.0,263.97126,100.0,Mumbai,,,,,
16721784265,2024-08-10T11:37:50,2024-08-10,Treadmill Running,RUNNING,0.148,273.0,30:45,1844.8,112.0,120.0,58.0,41.0,423.9,6.4,8.63,0.784,,0.10000000149011612,0.0,2.0,10.0,-1.0,79.61037999999999,,,,,,,
16729947437,2024-08-11T07:53:52,2024-08-11,Relax and Focus (Short),TRAINING,0.0,334.0,,,81.0,90.0,,,,,,,,0.0,0.0,0.1,,-1.0,,,,,,,,
16731001638,2024-08-11T09:08:20,2024-08-11,Mumbai Running,RUNNING,10.47,4533.0,07:13,433.0,179.0,195.0,158.0,209.0,289.2,8.4,10.19,0.83,38.0,4.300000190734863,0.10000000149011612,195.6,,-16.0,2040.5397399999997,7800.0,Mumbai,,,,,
16752518980,2024-08-13T19:54:22,2024-08-13,Mumbai Running,RUNNING,5.0,2198.0,07:20,439.6,175.0,193.0,154.0,212.0,295.4,8.9,10.19,0.876,38.0,3.799999952316284,0.10000000149011612,148.9,70.0,-6.0,1324.04632,1200.0,Mumbai,,,,,
16757024518,2024-08-14T07:45:45,2024-08-14,Relax and Focus (Short),TRAINING,0.0,334.0,,,85.0,96.0,,,,,,,,0.0,0.0,0.1,,0.0,,,,,,,,
16765905438,2024-08-15T07:36:20,2024-08-15,Relax and Focus (Short),TRAINING,0.0,223.0,,,82.0,91.0,,,,,,,,0.0,0.0,0.0,,-1.0,,,,,,,,
16771424192,2024-08-15T21:01:24,2024-08-15,Mumbai Running,RUNNING,5.004,2146.0,07:09,428.9,179.0,190.0,160.0,220.0,288.3,8.8,9.99,0.882,38.0,3.799999952316284,0.30000001192092896,166.6,60.0,-5.0,1344.99642,1300.0,Mumbai,,,,,
16783191244,2024-08-17T07:41:57,2024-08-17,Strength,FITNESS_EQUIPMENT,0.0,1783.0,,,124.0,160.0,,,,,,,,1.2000000476837158,0.0,16.1,,-4.0,590.7928199999999,,,,,,,
16804768620,2024-08-19T19:56:14,2024-08-19,Mumbai Running,RUNNING,5.237,2301.0,07:19,439.4,178.0,188.0,158.0,210.0,289.8,8.6,10.12,0.855,38.0,3.5,0.0,126.3,70.0,-7.0,1365.94652,400.0,Mumbai,,,,,
16802229147,2024-08-19T14:56:06,2024-08-19,Relax and Focus (Short),TRAINING,0.0,336.0,,,80.0,92.0,,,,,,,,0.0,0.0,0.1,,-1.0,,,,,,,,
16809055631,2024-08-20T07:22:40,2024-08-20,Relax and Focus (Short),TRAINING,0.0,334.0,,,91.0,101.0,,,,,,,,0.0,0.0,0.7,,-2.0,,,,,,,,
16836376763,2024-08-23T07:20:33,2024-08-23,Strength,TRAINING,0.0,2111.0,,,136.0,175.0,,,,,,,,2.200000047683716,0.800000011920929,47.6,,-5.0,812.8638799999999,,,,,,,
16852865569,2024-08-25T06:40:29,2024-08-25,Relax and Focus (Short),TRAINING,0.0,247.0,,,79.0,94.0,,,,,,,,0.0,0.0,,,-1.0,,,,,,,,
16853203812,2024-08-25T07:16:15,2024-08-25,Mumbai Running,RUNNING,10.004,4684.0,07:48,468.2,175.0,194.0,158.0,203.0,294.2,8.3,10.44,0.802,38.0,4.099999904632568,0.4000000059604645,174.9,80.0,-16.0,2572.67228,2100.0,Mumbai,,,,,
16914637301,2024-09-01T06:29:07,2024-09-01,Satara Running,RUNNING,21.457,9564.0,07:26,445.7,187.0,201.0,156.0,214.0,282.3,8.2,9.76,0.851,38.0,5.0,1.899999976158142,563.2,100.0,-21.0,6100.66912,45400.0,Satara,,,,,
16923345847,2024-09-02T06:22:46,2024-09-02,Relax and Focus (Short),TRAINING,0.0,334.0,,,84.0,98.0,,,,,,,,0.0,0.0,0.1,,0.0,,,,,,,,
16932216246,2024-09-03T06:46:41,2024-09-03,Mumbai Running,RUNNING,2.501,1977.0,13:11,790.6,116.0,125.0,102.0,84.0,,5.8,7.68,0.769,,1.0,0.0,11.4,10.0,-4.0,594.9828399999999,300.0,Mumbai,,,,,
16985823135,2024-09-09T06:51:15,2024-09-09,Mumbai Running,RUNNING,5.007,2065.0,06:52,412.4,182.0,192.0,162.0,223.0,280.6,8.7,9.72,0.895,39.0,4.5,1.2999999523162842,205.2,60.0,-10.0,1328.23634,900.0,Mumbai,,,,,
17012001733,2024-09-12T06:51:01,2024-09-12,Mumbai Running,RUNNING,5.041,2308.0,07:38,457.9,171.0,190.0,160.0,214.0,284.0,8.4,10.04,0.842,39.0,3.799999952316284,0.10000000149011612,136.8,60.0,-11.0,1378.51658,1000.0,Mumbai,,,,,
17020258336,2024-09-13T06:48:52,2024-09-13,Mumbai Running,RUNNING,4.012,1733.0,07:12,432.0,173.0,190.0,160.0,220.0,283.2,8.6,9.91,0.869,40.0,3.5999999046325684,0.4000000059604645,118.6,80.0,-9.0,1068.4551,500.0,Mumbai,,,,,
17028104905,2024-09-14T07:55:19,2024-09-14,Mumbai Running,RUNNING,9.004,3820.0,07:04,424.3,182.0,193.0,158.0,219.0,282.7,8.6,9.79,0.881,40.0,4.900000095367432,0.0,240.5,80.0,-20.0,2476.3018199999997,1500.0,Mumbai,,,,,
17045510481,2024-09-16T08:42:36,2024-09-16,Relax and Focus (Short),TRAINING,0.0,348.0,,,82.0,95.0,,,,,,,,0.0,0.0,,,-1.0,,,,,,,,
17062786561,2024-09-18T06:27:40,2024-09-18,Mumbai Running,RUNNING,6.002,2472.0,06:52,411.8,176.0,192.0,162.0,222.0,280.1,8.7,9.75,0.893,40.0,4.199999809265137,0.0,181.6,70.0,-12.0,1600.58764,1100.0,Mumbai,,,,,
17080419863,2024-09-20T06:54:16,2024-09-20,Relax and Focus (Short),TRAINING,0.0,340.0,,,86.0,110.0,,,,,,,,0.0,0.0,0.4,,0.0,,,,,,,,
17097296801,2024-09-22T06:51:50,2024-09-22,Mumbai Running,RUNNING,10.412,5579.0,08:56,535.8,157.0,185.0,134.0,158.0,291.7,7.7,10.0,0.824,40.0,3.700000047683716,0.10000000149011612,134.0,80.0,-17.0,2710.94294,700.0,Mumbai,,,,,
17106083518,2024-09-23T06:54:44,2024-09-23,Relax and Focus (Short),TRAINING,0.0,334.0,,,81.0,95.0,,,,,,,,0.0,0.0,0.2,,,,,,,,,,
17131868911,2024-09-26T07:06:44,2024-09-26,Mumbai Running,RUNNING,3.43,2468.0,12:00,719.5,113.0,127.0,110.0,96.0,455.0,5.9,7.54,0.799,,1.399999976158142,0.0,16.4,20.0,-6.0,821.2439199999999,500.0,Mumbai,,,,,
17139561591,2024-09-27T06:41:38,2024-09-27,Mumbai Running,RUNNING,4.998,2209.0,07:22,442.0,176.0,186.0,160.0,211.0,287.2,8.5,10.06,0.848,40.0,3.5,0.20000000298023224,116.3,70.0,-8.0,1336.61638,800.0,Mumbai,,,,,
17155287053,2024-09-29T06:18:57,2024-09-29,Mumbai Running,RUNNING,10.3,7247.0,11:44,703.6,122.0,160.0,112.0,100.0,306.2,6.3,8.8,0.731,40.0,2.4000000953674316,0.10000000149011612,46.2,10.0,-10.0,2358.98126,800.0,Mumbai,,,,,
17197222654,2024-10-04T06:21:15,2024-10-04,Mumbai Running,RUNNING,9.004,4246.0,07:52,471.6,179.0,193.0,158.0,194.0,288.7,8.2,10.26,0.798,40.0,3.700000047683716,0.0,125.1,80.0,-19.0,2392.5014199999996,1200.0,Mumbai,,,,,
17222127978,2024-10-07T06:35:26,2024-10-07,Mumbai Running,RUNNING,5.011,2169.0,07:13,432.9,173.0,187.0,160.0,216.0,285.8,8.6,9.99,0.865,40.0,3.700000047683716,0.0,127.3,70.0,-10.0,1340.8064,400.0,Mumbai,,,,,
17238646343,2024-10-09T06:24:13,2024-10-09,Mumbai Running,RUNNING,5.016,2125.0,07:04,423.6,182.0,194.0,160.0,215.0,284.5,8.7,9.94,0.873,40.0,4.0,0.0,153.7,70.0,-10.0,1378.51658,300.0,Mumbai,,,,,
17246838451,2024-10-10T06:28:06,2024-10-10,Mumbai Running,RUNNING,3.007,2294.0,12:43,763.1,118.0,147.0,108.0,88.0,,5.8,8.22,0.709,,1.100000023841858,0.0,11.9,10.0,-3.0,691.3533,1100.0,Mumbai,,,,,
17262658108,2024-10-12T07:45:07,2024-10-12,Mumbai Running,RUNNING,10.007,4324.0,07:12,432.1,187.0,196.0,158.0,213.0,281.4,8.6,9.78,0.886,40.0,5.0,1.0,263.1,80.0,-24.0,2790.5533199999995,1700.0,Mumbai,,,,,
17270699349,2024-10-13T06:08:58,2024-10-13,Mumbai Running,RUNNING,12.01,5218.0,07:14,434.4,177.0,194.0,158.0,210.0,285.2,8.5,9.87,0.86,40.0,4.900000095367432,0.0,225.5,80.0,-16.0,3192.79524,2800.0,Mumbai,,,,,
17287375174,2024-10-15T06:51:14,2024-10-15,Mumbai Running,RUNNING,5.011,2505.0,08:20,499.9,167.0,177.0,160.0,191.0,295.8,8.1,10.63,0.767,40.0,2.799999952316284,0.0,61.4,50.0,-9.0,1294.71618,800.0,Mumbai,,,,,
17323302984,2024-10-19T18:21:37,2024-10-19,Relax and Focus (Short),TRAINING,0.0,273.0,,,89.0,101.0,,,,,,,,0.0,0.0,0.2,,-1.0,,,,,,,,
17327885624,2024-10-20T05:12:52,2024-10-20,New Delhi Running,RUNNING,21.282,8259.0,06:28,388.1,183.0,193.0,164.0,235.0,275.7,8.9,9.48,0.94,40.0,5.0,0.0,484.9,90.0,-26.0,5560.15654,1200.0,New Delhi,,,,,
17362018524,2024-10-24T06:35:16,2024-10-24,Mumbai Running,RUNNING,2.261,1851.0,13:39,818.6,105.0,115.0,102.0,80.0,,5.8,7.95,0.74,,0.5,0.0,6.0,10.0,-2.0,523.7524999999999,100.0,Mumbai,,,,,
17377649450,2024-10-26T06:42:17,2024-10-26,Mumbai Running,RUNNING,10.003,4573.0,07:37,457.2,173.0,184.0,160.0,201.0,290.6,8.4,10.29,0.815,40.0,3.9000000953674316,0.0,147.3,70.0,-15.0,2639.7126,1500.0,Mumbai,,,,,
17385796935,2024-10-27T06:01:13,2024-10-27,Mumbai Running,RUNNING,13.004,5524.0,07:05,424.8,174.0,189.0,160.0,216.0,283.4,8.6,9.87,0.875,40.0,5.0,0.0,256.0,90.0,-21.0,3444.1964399999997,4100.0,Mumbai,,,,,
17403234620,2024-10-29T06:29:02,2024-10-29,Mumbai Running,RUNNING,9.915,4809.0,08:05,485.0,172.0,185.0,152.0,185.0,287.6,8.0,9.97,0.815,40.0,3.799999952316284,0.0,149.2,80.0,-15.0,2627.14254,2700.0,Mumbai,,,,,
17420011300,2024-10-31T06:03:13,2024-10-31,Mumbai Running,RUNNING,11.663,5301.0,07:34,454.5,181.0,196.0,154.0,200.0,287.8,8.4,9.9,0.854,40.0,4.699999809265137,0.0,237.5,80.0,-21.0,3192.79524,3100.0,Mumbai,,,,,
17438908177,2024-11-02T18:04:33,2024-11-02,Mumbai Running,RUNNING,3.513,1615.0,07:40,459.8,162.0,177.0,154.0,214.0,295.3,8.9,10.11,0.884,40.0,3.0999999046325684,0.10000000149011612,82.9,10.0,-8.0,951.1345399999999,500.0,Mumbai,,,,,
17443960704,2024-11-03T08:18:33,2024-11-03,Mumbai Running,RUNNING,17.003,7641.0,07:29,449.4,175.0,190.0,156.0,205.0,285.5,8.3,9.89,0.848,40.0,5.0,0.10000000149011612,298.1,100.0,-25.0,4533.60164,7400.0,Mumbai,,,,,
17477053877,2024-11-07T06:22:36,2024-11-07,Mumbai Running,RUNNING,12.004,4902.0,06:48,408.4,175.0,184.0,162.0,226.0,280.6,8.8,9.74,0.901,40.0,4.900000095367432,1.2999999523162842,286.2,80.0,-22.0,3163.4651,1600.0,Mumbai,,,,,
17489410398,2024-11-08T21:30:15,2024-11-08,Mumbai Running,RUNNING,6.064,2866.0,07:53,472.6,167.0,178.0,152.0,198.0,290.7,8.4,10.06,0.851,40.0,3.200000047683716,0.699999988079071,109.6,80.0,-5.0,1621.5377399999998,2000.0,Mumbai,,,,,
17492517637,2024-11-09T08:32:22,2024-11-09,Mumbai - 2K W/U + 800x10 + 2K CD,RUNNING,13.39,6699.0,08:20,500.3,162.0,195.0,128.0,169.0,262.5,7.6,8.51,0.958,40.0,4.599999904632568,3.5,363.6,80.0,-20.0,3519.6168,2200.0,Mumbai,,,,,
17508523296,2024-11-11T06:44:08,2024-11-11,Mumbai Running,RUNNING,3.166,2443.0,12:52,771.6,112.0,138.0,108.0,87.0,,5.8,8.17,0.711,,0.8999999761581421,0.0,11.6,10.0,-4.0,716.4934199999999,1200.0,Mumbai,,,,,
17516640572,2024-11-12T07:12:38,2024-11-12,Mumbai Running,RUNNING,5.423,2167.0,06:40,399.6,171.0,182.0,164.0,229.0,277.7,8.8,9.59,0.916,40.0,3.799999952316284,0.0,154.9,60.0,-8.0,1412.0367399999998,800.0,Mumbai,,,,,
17516640360,2024-11-12T06:13:32,2024-11-12,Mumbai Running,RUNNING,6.636,2786.0,07:00,419.8,171.0,181.0,162.0,219.0,281.5,8.6,9.84,0.873,40.0,3.700000047683716,0.0,148.9,60.0,-13.0,1751.4283599999999,1200.0,Mumbai,,,,,
17532823057,2024-11-14T06:20:35,2024-11-14,Mumbai Running,RUNNING,10.004,4532.0,07:33,453.0,167.0,176.0,162.0,204.0,286.2,8.2,10.18,0.811,40.0,3.5,0.0,129.4,50.0,-19.0,2581.05232,1600.0,Mumbai,,,,,
17547741388,2024-11-16T07:08:12,2024-11-16,Mumbai - 2K W/U + 800x10 + 2K CD,RUNNING,7.867,3393.0,07:11,431.2,173.0,197.0,142.0,202.0,263.7,8.1,8.89,1.005,40.0,4.0,3.200000047683716,287.3,90.0,-18.0,2090.8199799999998,1200.0,Mumbai,,,,,
17547741685,2024-11-16T08:05:25,2024-11-16,Mumbai Running,RUNNING,2.738,1423.0,08:40,519.7,166.0,180.0,146.0,168.0,283.9,7.4,9.54,0.788,40.0,2.4000000953674316,0.10000000149011612,51.8,30.0,-3.0,745.8235599999999,400.0,Mumbai,,,,,
17555575667,2024-11-17T05:40:34,2024-11-17,Mumbai Running,RUNNING,18.005,7855.0,07:16,436.3,168.0,187.0,160.0,203.0,283.8,8.5,10.01,0.852,41.0,4.900000095367432,0.0,283.3,80.0,-26.0,4479.13138,6600.0,Mumbai,,,,,
17571313225,2024-11-19T06:21:58,2024-11-19,Mumbai Running,RUNNING,12.005,5292.0,07:21,440.8,168.0,182.0,160.0,200.0,286.3,8.5,10.14,0.844,41.0,4.0,0.10000000149011612,191.3,70.0,-22.0,2987.4842599999997,1200.0,Mumbai,,,,,
17594069042,2024-11-22T06:38:04,2024-11-22,Mumbai Running,RUNNING,8.023,3510.0,07:17,437.5,162.0,176.0,160.0,202.0,287.8,8.6,10.13,0.853,41.0,3.5999999046325684,0.0,148.5,60.0,-15.0,2015.39962,800.0,Mumbai,,,,,
17646210772,2024-11-29T06:29:26,2024-11-29,Bengaluru Running,RUNNING,8.33,4027.0,08:03,483.4,159.0,177.0,148.0,182.0,288.7,8.3,10.16,0.833,42.0,3.5999999046325684,0.0,135.3,40.0,-10.0,2136.9102,4000.0,Bengaluru,,,,,
17660320856,2024-12-01T06:02:20,2024-12-01,Mumbai Running,RUNNING,16.005,7056.0,07:21,440.9,164.0,186.0,160.0,201.0,286.4,8.5,10.15,0.839,42.0,4.400000095367432,0.0,218.4,80.0,-22.0,4009.84914,7300.0,Mumbai,,,,,
17711834907,2024-12-08T05:18:07,2024-12-08,Mumbai Running,RUNNING,21.011,7969.0,06:19,379.3,188.0,198.0,166.0,234.0,272.3,8.9,9.42,0.948,42.0,5.0,0.0,549.3,90.0,-31.0,5505.68628,11300.0,Mumbai,0.0,0.0,0.0,0.0,0.0
17741590012,2024-12-12T08:10:16,2024-12-12,Ujjain Running,RUNNING,1.543,1604.0,17:20,1039.8,86.0,120.0,68.0,50.0,,5.7,8.14,0.713,,0.4000000059604645,0.0,4.9,10.0,-3.0,385.48184,700.0,Ujjain,0.0,0.0,0.0,0.0,0.0
17757205934,2024-12-14T15:34:51,2024-12-14,Relax and Focus (Short),TRAINING,0.0,339.0,,,88.0,103.0,,,,,,,,0.0,0.0,0.3,,-1.0,,,,0.0,0.0,0.0,0.0,0.0
17762260128,2024-12-15T05:42:19,2024-12-15,Kolkata Running,RUNNING,26.447,10593.0,06:41,400.5,172.0,196.0,164.0,217.0,271.7,8.5,9.43,0.909,42.0,5.0,0.10000000149011612,486.8,100.0,-21.0,6670.511839999999,2300.0,Kolkata,0.0,0.0,0.0,0.0,0.0
17784041099,2024-12-18T06:50:54,2024-12-18,Mumbai Running,RUNNING,0.577,256.0,07:24,443.7,134.0,144.0,158.0,198.0,286.5,8.7,10.09,0.864,,0.699999988079071,0.0,8.2,10.0,-1.0,121.51057999999999,,Mumbai,0.0,0.0,0.0,0.0,0.0
17811613486,2024-12-22T05:00:20,2024-12-22,Mumbai Running,RUNNING,25.244,14047.0,09:16,556.5,148.0,180.0,138.0,147.0,291.0,7.4,9.82,0.766,43.0,4.300000190734863,0.0,182.4,50.0,-16.0,6054.5788999999995,7800.0,Mumbai,0.0,0.0,0.0,0.0,0.0
17861530482,2024-12-29T09:05:39,2024-12-29,Mumbai Running,RUNNING,2.405,1072.0,07:26,445.8,169.0,185.0,160.0,200.0,287.6,8.6,10.18,0.842,43.0,2.700000047683716,0.0,53.9,10.0,-4.0,628.5029999999999,,Mumbai,0.0,0.0,0.0,0.0,0.0
17861576455,2024-12-29T09:24:17,2024-12-29,Mumbai Running,RUNNING,2.385,1370.0,09:34,574.2,148.0,195.0,130.0,134.0,287.6,7.0,8.91,0.778,42.0,2.299999952316284,0.0,34.4,10.0,-4.0,582.41278,,Mumbai,0.0,0.0,0.0,0.0,0.0
17888728581,2025-01-01T19:01:36,2025-01-01,Mumbai Running,RUNNING,5.012,2148.0,07:09,428.5,172.0,199.0,156.0,211.0,287.3,8.9,9.99,0.902,43.0,3.5999999046325684,2.0,139.9,30.0,-7.0,1311.47626,1000.0,Mumbai,0.0,0.0,0.0,0.0,0.0
17901373232,2025-01-03T06:40:23,2025-01-03,Mumbai - Benchmark Run,RUNNING,1.383,548.0,06:37,396.5,159.0,186.0,148.0,210.0,265.1,8.6,8.76,0.991,43.0,2.4000000953674316,0.6000000238418579,50.2,40.0,-3.0,347.77166,,Mumbai,21001.0,24000.0,87371.0,372336.0,28999.0
17901428290,2025-01-03T06:54:58,2025-01-03,Mumbai - Benchmark Run,RUNNING,1.45,544.0,06:15,375.2,168.0,198.0,152.0,224.0,256.1,8.6,8.42,1.02,43.0,2.4000000953674316,0.699999988079071,51.0,40.0,-2.0,351.96167999999994,,Mumbai,16000.0,35002.0,120632.0,315558.0,39000.0
17910320257,2025-01-04T10:33:45,2025-01-04,Mumbai - Hill Repeats,RUNNING,3.538,1709.0,08:03,483.0,162.0,188.0,142.0,169.0,292.0,7.6,9.07,0.847,43.0,2.9000000953674316,0.5,71.7,30.0,-4.0,951.1345399999999,1700.0,Mumbai,24366.0,217050.0,501149.0,874733.0,75991.0
17919229911,2025-01-05T11:25:25,2025-01-05,Mumbai - Speed Repeats,RUNNING,6.094,2747.0,07:31,450.7,170.0,199.0,134.0,179.0,260.5,7.8,8.33,0.97,43.0,4.199999809265137,3.5,252.7,50.0,-15.0,1608.9676799999997,1400.0,Mumbai,16556.0,232223.0,811597.0,786737.0,891976.0
17965792302,2025-01-10T20:01:24,2025-01-10,Mumbai - Goal Pace Repeats,RUNNING,8.947,4200.0,07:49,469.4,164.0,205.0,130.0,165.0,251.7,7.3,8.0,0.979,43.0,4.599999904632568,3.9000000953674316,341.3,70.0,-15.0,2237.47068,800.0,Mumbai,99620.0,1093947.0,928255.0,602545.0,1455961.0
17978659999,2025-01-12T09:32:44,2025-01-12,Mumbai - Hill Repeats,RUNNING,3.146,1517.0,08:02,482.2,161.0,190.0,138.0,169.0,268.4,7.5,8.97,0.886,43.0,3.0,1.7000000476837158,82.9,30.0,-6.0,884.09422,1200.0,Mumbai,33990.0,30029.0,702974.0,704587.0,15991.0
18093617113,2025-01-25T08:09:39,2025-01-25,Mumbai Running,RUNNING,7.506,3374.0,07:29,449.5,180.0,199.0,156.0,193.0,280.9,8.3,9.83,0.858,43.0,4.199999809265137,0.800000011920929,168.3,40.0,-18.0,2095.0099999999998,1200.0,Mumbai,12000.0,40000.0,471001.0,557006.0,2232243.0
18102508970,2025-01-26T07:25:44,2025-01-26,Mumbai - Speed Repeats,RUNNING,9.368,4606.0,08:12,491.6,168.0,200.0,118.0,156.0,251.4,7.8,8.25,0.993,43.0,4.699999809265137,3.9000000953674316,347.1,50.0,-16.0,2639.7126,600.0,Mumbai,18000.0,551455.0,1512287.0,763430.0,1722974.0
18138246778,2025-01-30T07:07:57,2025-01-30,Mumbai - Hill Repeats,RUNNING,2.887,1570.0,09:04,543.9,150.0,193.0,114.0,127.0,251.4,6.7,8.04,0.862,,2.9000000953674316,1.7000000476837158,84.6,10.0,-7.0,787.72376,800.0,Mumbai,167261.0,243413.0,298152.0,576864.0,112257.0
18155468419,2025-02-01T08:12:04,2025-02-01,Mumbai - Speed Repeats,RUNNING,8.914,4060.0,07:35,455.5,172.0,202.0,132.0,174.0,257.7,7.7,8.35,0.975,43.0,5.0,4.199999809265137,408.1,80.0,-27.0,2522.3920399999997,2900.0,Mumbai,23000.0,216320.0,1278029.0,793422.0,1719959.0
18168800798,2025-02-02T17:19:00,2025-02-02,Mumbai - Long Easy Run,RUNNING,15.576,7034.0,07:32,451.6,174.0,191.0,154.0,196.0,281.6,8.3,9.79,0.869,43.0,5.0,0.699999988079071,281.6,50.0,-29.0,4198.4000399999995,3400.0,Mumbai,11001.0,258457.0,776896.0,3630245.0,2336981.0
18182276432,2025-02-04T06:24:05,2025-02-04,Relax and Focus (Short),TRAINING,0.0,335.0,,,78.0,98.0,,,,,,,,0.0,0.0,0.1,,0.0,,,,0.0,0.0,0.0,0.0,0.0
18182310044,2025-02-04T06:33:26,2025-02-04,Mumbai Running,RUNNING,0.618,274.0,07:23,443.4,144.0,159.0,156.0,197.0,292.0,8.8,10.27,0.854,,0.8999999761581421,0.0,11.1,10.0,-1.0,146.6507,,Mumbai,16000.0,44000.0,201927.0,0.0,0.0
18201392563,2025-02-06T07:13:34,2025-02-06,Mumbai Running,RUNNING,0.662,324.0,08:10,490.2,142.0,158.0,146.0,181.0,293.1,8.6,10.31,0.848,43.0,1.100000023841858,0.0,12.6,10.0,-1.0,167.6008,,Mumbai,23991.0,53013.0,214832.0,0.0,0.0
18222522722,2025-02-08T17:45:37,2025-02-08,Mumbai - Speed Repeats,RUNNING,11.559,5285.0,07:37,457.2,172.0,203.0,130.0,177.0,254.0,7.9,8.3,1.015,43.0,5.0,4.199999809265137,440.5,70.0,-26.0,3217.9353599999995,3400.0,Mumbai,115485.0,230688.0,1632007.0,1190219.0,2100966.0
18227043231,2025-02-09T06:11:09,2025-02-09,Mumbai Running,RUNNING,9.949,4504.0,07:33,452.7,160.0,178.0,158.0,187.0,276.0,7.9,9.5,0.832,43.0,3.700000047683716,1.0,156.0,50.0,-8.0,2497.2519199999997,1900.0,Mumbai,203994.0,492740.0,619999.0,3163980.0,0.0
18236413317,2025-02-10T07:14:20,2025-02-10,Mumbai Running,RUNNING,0.803,1093.0,22:42,1361.7,102.0,120.0,56.0,39.0,,5.6,6.93,0.88,,0.20000000298023224,0.0,3.2,10.0,-1.0,263.97126,,Mumbai,529287.0,0.0,0.0,0.0,0.0
18432285953,2025-03-04T06:57:50,2025-03-04,Mumbai Running,RUNNING,6.008,2769.0,07:41,460.9,180.0,194.0,156.0,192.0,286.6,8.3,10.1,0.83,43.0,4.199999809265137,0.0,113.8,70.0,-15.0,1659.2479199999998,1600.0,Mumbai,8999.0,42713.0,216395.0,975002.0,1525995.0
18609572160,2025-03-23T06:21:54,2025-03-23,Mumbai Running,RUNNING,12.01,5120.0,07:06,426.3,184.0,197.0,166.0,205.0,279.5,8.4,9.91,0.846,42.0,5.0,0.0,237.4,90.0,-36.0,3209.55532,3300.0,Mumbai,15995.0,55977.0,357143.0,1200857.0,3462648.0
18666640734,2025-03-29T08:12:51,2025-03-29,Mumbai Running,RUNNING,5.215,2304.0,07:22,441.8,180.0,193.0,160.0,200.0,284.5,8.4,10.11,0.837,42.0,4.599999904632568,0.5,116.1,60.0,-19.0,1391.08664,1000.0,Mumbai,15999.0,135371.0,145413.0,485493.0,1521460.0
18749091995,2025-04-06T18:08:08,2025-04-06,Mumbai Running,RUNNING,10.009,4593.0,07:39,458.9,182.0,193.0,154.0,191.0,285.4,8.3,9.94,0.847,42.0,5.0,0.6000000238418579,183.9,70.0,-9.0,2727.70302,1100.0,Mumbai,29153.0,72930.0,377579.0,1287994.0,2824911.0
18773497601,2025-04-09T07:16:49,2025-04-09,Mumbai Running,RUNNING,7.001,3376.0,08:02,482.2,177.0,190.0,152.0,176.0,282.9,7.9,9.77,0.814,42.0,4.5,0.0,106.5,60.0,-26.0,1839.4187799999997,1300.0,Mumbai,30564.0,86329.0,472057.0,1866619.0,919958.0
18811531119,2025-04-13T06:10:26,2025-04-13,Mumbai Running,RUNNING,10.219,4396.0,07:10,430.2,177.0,190.0,164.0,199.0,275.9,8.2,9.7,0.847,41.0,5.0,1.5,228.6,80.0,-24.0,2648.09264,300.0,Mumbai,15001.0,41000.0,537190.0,2193910.0,1595583.0
18878280858,2025-04-20T05:42:38,2025-04-20,Mumbai Running,RUNNING,16.351,7302.0,07:27,446.6,181.0,193.0,160.0,193.0,281.0,8.2,9.9,0.837,40.0,5.0,0.0,279.7,100.0,-28.0,4315.7206,3700.0,Mumbai,22736.0,45483.0,390096.0,3746476.0,3096814.0
18946036401,2025-04-27T06:07:09,2025-04-27,Mumbai Running,RUNNING,19.004,8500.0,07:27,447.3,184.0,194.0,156.0,192.0,280.3,8.2,9.74,0.857,40.0,5.0,0.30000001192092896,385.9,100.0,-43.0,5107.6343799999995,6400.0,Mumbai,24784.0,22000.0,319889.0,3104791.0,5027834.0
18993384999,2025-05-01T19:42:37,2025-05-01,Mumbai Running,RUNNING,3.006,2374.0,13:10,789.7,113.0,122.0,104.0,81.0,,5.8,7.61,0.786,,1.100000023841858,0.0,12.6,10.0,-2.0,674.59322,300.0,Mumbai,2326032.0,0.0,0.0,0.0,0.0
19017971234,2025-05-04T06:07:03,2025-05-04,Mumbai Running,RUNNING,16.002,6958.0,07:15,434.8,178.0,193.0,160.0,200.0,280.0,8.4,9.77,0.867,41.0,5.0,0.10000000149011612,323.2,90.0,-30.0,4173.2599199999995,6400.0,Mumbai,20970.0,33984.0,643727.0,4864019.0,1388711.0
19022944791,2025-05-04T19:05:40,2025-05-04,Relax and Focus (Short),TRAINING,0.0,336.0,,,84.0,95.0,,,,,,,,0.0,0.0,0.1,,0.0,,,,0.0,0.0,0.0,0.0,0.0
19086698363,2025-05-11T05:47:16,2025-05-11,Mumbai Running,RUNNING,16.004,7071.0,07:22,441.8,184.0,197.0,162.0,200.0,283.4,8.4,10.0,0.841,40.0,5.0,0.0,317.0,100.0,-25.0,4240.30024,5800.0,Mumbai,12407.0,26999.0,147999.0,3872193.0,3011008.0
19157188954,2025-05-18T05:36:32,2025-05-18,Mumbai Running,RUNNING,12.73,5402.0,07:04,424.4,179.0,196.0,162.0,208.0,282.7,8.6,9.97,0.863,40.0,5.0,0.30000001192092896,270.9,70.0,-19.0,3272.4056199999995,6300.0,Mumbai,21000.0,44296.0,541265.0,3149700.0,1636638.0
19177341785,2025-05-20T07:05:18,2025-05-20,1.1: 7K Easy,RUNNING,7.057,3190.0,07:32,452.0,180.0,190.0,162.0,194.0,284.7,8.2,10.17,0.809,40.0,3.700000047683716,0.0,121.1,50.0,-15.0,1793.32856,1800.0,Mumbai,16413.0,22001.0,185539.0,2660662.0,305384.0
19198090130,2025-05-22T06:38:31,2025-05-22,1.2: 10K Easy,RUNNING,10.004,4381.0,07:18,437.9,179.0,190.0,162.0,200.0,284.6,8.5,10.09,0.839,40.0,4.300000190734863,0.0,189.5,70.0,-18.0,2572.67228,2100.0,Mumbai,37281.0,110001.0,359343.0,3466121.0,408223.0
19230896271,2025-05-25T17:25:26,2025-05-25,1.3: 12K Quality ,RUNNING,12.01,4861.0,06:45,404.8,184.0,195.0,162.0,220.0,279.0,8.8,9.69,0.91,40.0,5.0,0.4000000059604645,303.2,90.0,-19.0,3092.23476,3200.0,Mumbai,19000.0,5001.0,229941.0,3042429.0,1550725.0
19245587091,2025-05-27T07:00:57,2025-05-27,2.1: 10K Easy,RUNNING,10.012,4584.0,07:38,457.9,171.0,179.0,160.0,192.0,286.1,8.3,10.2,0.812,40.0,3.9000000953674316,0.0,146.3,50.0,-23.0,2518.2020199999997,2400.0,Mumbai,14893.0,41006.0,642013.0,3886409.0,0.0
19265401644,2025-05-29T07:09:30,2025-05-29,2.2: 9K,RUNNING,9.586,4427.0,07:42,461.9,176.0,193.0,152.0,186.0,282.4,8.2,9.91,0.856,40.0,4.5,0.20000000298023224,204.4,70.0,-21.0,2480.4918399999997,2000.0,Mumbai,24203.0,141477.0,625207.0,3125353.0,508974.0
19284855459,2025-05-31T05:50:11,2025-05-31,2.3: 15K Quality,RUNNING,15.008,6850.0,07:36,456.5,178.0,192.0,156.0,199.0,283.6,8.2,9.88,0.837,40.0,5.0,0.0,260.2,100.0,-24.0,3884.1485399999997,4800.0,Mumbai,24417.0,32001.0,792001.0,5803906.0,197995.0
19336695127,2025-06-05T07:57:52,2025-06-05,3.1: 10K Easy ,RUNNING,10.006,4686.0,07:48,468.3,180.0,191.0,158.0,186.0,287.3,8.2,10.15,0.809,40.0,3.799999952316284,0.0,150.7,80.0,-20.0,2572.67228,2300.0,Mumbai,18147.0,32000.0,268278.0,4064970.0,301993.0
19362846905,2025-06-08T00:04:23,2025-06-08,Mussoorie Walking,STEPS,1.004,1348.0,22:23,1342.8,116.0,157.0,70.0,,,,,0.633,,0.30000001192092896,0.0,4.3,,-1.0,322.63154,1000.0,Mussoorie,1077540.0,205001.0,61853.0,0.0,0.0
19366781116,2025-06-08T13:31:53,2025-06-08,Mussoorie Walking,STEPS,2.443,3408.0,23:15,1395.3,107.0,137.0,56.0,,,,,0.766,39.0,0.4000000059604645,0.0,5.0,,-2.0,741.6335399999999,3100.0,Mussoorie,1558608.0,365987.0,0.0,0.0,0.0
19368140280,2025-06-08T16:00:22,2025-06-08,Mussoorie Walking,STEPS,1.073,1652.0,25:39,1538.9,111.0,145.0,50.0,,,,,0.759,,0.30000001192092896,0.0,3.7,,-1.0,372.91177999999996,1600.0,Mussoorie,995454.0,229002.0,1999.0,0.0,0.0
19371391106,2025-06-08T21:20:54,2025-06-08,Mussoorie Walking,STEPS,0.629,577.0,15:17,916.6,101.0,111.0,98.0,,,,,0.656,,0.20000000298023224,0.0,2.8,,-1.0,129.89061999999998,,Mussoorie,211847.0,0.0,0.0,0.0,0.0
19428739661,2025-06-10T08:31:53,2025-06-10,Mori Hiking,HIKING,6.839,19257.0,46:56,2815.8,136.0,180.0,32.0,,,,,0.679,,3.799999952316284,0.699999988079071,149.1,,-27.0,6037.8188199999995,88100.0,Mori,5721815.0,3244491.0,6366924.0,2067000.0,0.0
19428743270,2025-06-11T08:42:08,2025-06-11,Puraula Hiking,HIKING,6.479,17711.0,45:33,2733.4,135.0,180.0,28.0,,,,,0.755,,3.0999999046325684,1.100000023841858,98.6,,-14.0,5208.19486,65900.0,Puraula,5752429.0,4977490.0,5729989.0,600999.0,0.0
19428751019,2025-06-12T08:05:28,2025-06-12,Puraula Hiking,HIKING,10.096,26169.0,43:12,2592.1,133.0,174.0,32.0,,,,,0.692,,3.299999952316284,0.4000000059604645,104.3,,-19.0,7303.204859999999,53700.0,Puraula,7298815.0,8670812.0,7960999.0,442999.0,0.0
19428756880,2025-06-13T08:46:21,2025-06-13,Puraula Hiking,HIKING,9.711,22269.0,38:13,2293.2,127.0,158.0,34.0,,,,,0.767,,2.0999999046325684,0.0,32.6,,-7.0,5518.25634,5100.0,Puraula,6200991.0,13642277.0,1116818.0,0.0,0.0
19466520123,2025-06-18T07:13:35,2025-06-18,5.1: 8K Easy,RUNNING,8.006,3751.0,07:48,468.5,187.0,196.0,158.0,189.0,293.3,8.4,10.41,0.808,39.0,3.700000047683716,0.0,135.3,80.0,-13.0,2074.0598999999997,2400.0,Mumbai,10560.0,20000.0,92999.0,1746159.0,1880940.0
19536745711,2025-06-25T07:13:23,2025-06-25,6.1: 10K Easy,RUNNING,10.003,4880.0,08:08,487.8,180.0,195.0,158.0,179.0,290.7,8.0,10.38,0.776,39.0,3.700000047683716,0.0,128.7,80.0,-18.0,2522.3920399999997,3500.0,Mumbai,11001.0,71998.0,347004.0,3427796.0,1012993.0
19575299634,2025-06-29T05:45:08,2025-06-29,6.2: 14K Quality,RUNNING,14.004,6429.0,07:39,459.1,181.0,196.0,162.0,195.0,287.9,8.3,10.32,0.805,38.0,5.0,0.0,245.5,90.0,-23.0,3569.89704,7500.0,Mumbai,27975.0,40000.0,494316.0,4626177.0,1240764.0
19605574627,2025-07-02T06:36:54,2025-07-02,7.1: 9K Speed,RUNNING,9.498,5198.0,09:07,547.3,174.0,195.0,122.0,157.0,280.6,8.2,9.71,0.887,39.0,4.699999809265137,3.0,254.7,70.0,-26.0,2706.75292,2200.0,Mumbai,49079.0,144982.0,1298572.0,2993914.0,706899.0
19644949986,2025-07-06T05:24:01,2025-07-06,7.2: 21K Quality,RUNNING,21.203,9876.0,07:46,465.8,172.0,186.0,160.0,194.0,289.9,8.3,10.37,0.8,39.0,5.0,0.0,262.1,90.0,-35.0,5170.48468,13600.0,Mumbai,28352.0,91719.0,1980508.0,7763207.0,0.0
19695891869,2025-07-11T06:10:27,2025-07-11,8.1: 13K Speed,RUNNING,13.903,8148.0,09:46,586.0,169.0,198.0,112.0,141.0,273.5,8.0,9.34,0.898,39.0,5.0,3.700000047683716,345.9,90.0,,3771.0179999999996,1100.0,Mumbai,28996.0,741410.0,3508940.0,1888940.0,1954886.0
19715468450,2025-07-13T05:30:02,2025-07-13,8.2: 24K Quality,RUNNING,24.005,9353.0,06:30,389.6,183.0,197.0,164.0,227.0,274.8,8.9,9.53,0.932,40.0,5.0,2.299999952316284,597.2,100.0,-45.0,5828.317819999999,7600.0,Mumbai,17000.0,35230.0,444830.0,6423698.0,2417155.0
19757431794,2025-07-17T06:39:16,2025-07-17,Mumbai - Run Workout,RUNNING,9.293,4809.0,08:38,517.5,171.0,195.0,124.0,160.0,276.0,8.2,9.46,0.913,40.0,4.199999809265137,3.0,267.5,80.0,-22.0,2606.19244,2400.0,Mumbai,29000.0,146403.0,1440114.0,2579231.0,606880.0
19787772725,2025-07-20T05:33:15,2025-07-20,Mumbai Running,RUNNING,27.001,10635.0,06:34,393.9,182.0,193.0,162.0,224.0,274.2,8.8,9.42,0.936,40.0,5.0,1.5,565.7,100.0,-36.0,6724.982099999999,7500.0,Mumbai,15000.0,72097.0,408918.0,7656618.0,2467078.0
19829946310,2025-07-24T06:53:17,2025-07-24,Mumbai Running,RUNNING,5.041,2352.0,07:47,466.6,166.0,182.0,160.0,194.0,292.6,8.4,10.47,0.799,40.0,3.0,0.0,82.1,80.0,-11.0,1257.0059999999999,1700.0,Mumbai,22999.0,58536.0,932978.0,1337268.0,0.0
19859737236,2025-07-27T04:54:33,2025-07-27,Mumbai Running,RUNNING,30.008,11961.0,06:39,398.6,178.0,193.0,164.0,223.0,276.0,8.8,9.6,0.914,41.0,5.0,0.6000000238418579,535.4,100.0,-34.0,7458.235599999999,18800.0,Mumbai,52425.0,70081.0,490280.0,10977345.0,353905.0
19885320023,2025-07-29T18:50:42,2025-07-29,Mumbai Running,RUNNING,14.011,5541.0,06:36,395.5,178.0,187.0,162.0,228.0,277.8,8.9,9.64,0.928,41.0,5.0,0.5,324.9,70.0,-14.0,3561.517,3500.0,Mumbai,15000.0,19000.0,181264.0,5308772.0,2000.0
19921445841,2025-08-02T06:14:47,2025-08-02,Chandigarh - Run Workout,RUNNING,7.803,3382.0,07:13,433.4,168.0,193.0,148.0,186.0,266.3,7.9,8.67,0.911,41.0,3.799999952316284,2.5,222.1,70.0,-10.0,1998.63954,,Chandigarh,37463.0,257809.0,955152.0,1579076.0,521667.0
19931997878,2025-08-03T05:12:46,2025-08-03,Mumbai Running,RUNNING,33.004,13770.0,06:57,417.2,173.0,188.0,162.0,211.0,278.6,8.6,9.73,0.887,41.0,5.0,0.0,491.4,100.0,-31.0,8225.009259999999,7900.0,Mumbai,16998.0,95023.0,1232626.0,12219522.0,184064.0
19965329451,2025-08-06T06:38:05,2025-08-06,Mumbai Running,RUNNING,10.005,4580.0,07:38,457.8,167.0,177.0,160.0,191.0,287.3,8.3,10.18,0.814,41.0,3.4000000953674316,0.0,130.5,50.0,-14.0,2522.3920399999997,2000.0,Mumbai,28580.0,193540.0,624996.0,3733115.0,0.0
19997551087,2025-08-09T05:35:28,2025-08-09,Mumbai Running,RUNNING,18.009,7528.0,06:58,418.0,173.0,188.0,164.0,210.0,280.7,8.6,9.88,0.871,41.0,5.0,0.0,296.6,80.0,-23.0,4571.31182,4700.0,Mumbai,30954.0,29665.0,648254.0,6566428.0,246001.0
20007996626,2025-08-10T05:39:13,2025-08-10,Mumbai Running,RUNNING,24.002,9497.0,06:36,395.7,169.0,182.0,166.0,219.0,272.1,8.6,9.45,0.913,41.0,5.0,0.30000001192092896,386.9,90.0,-23.0,5857.647959999999,6800.0,Mumbai,19001.0,98102.0,1187569.0,8169542.0,0.0
20062286507,2025-08-15T05:54:48,2025-08-15,Mumbai Running,RUNNING,21.117,8519.0,06:43,403.4,175.0,185.0,164.0,217.0,276.6,8.7,9.64,0.906,41.0,5.0,0.20000000298023224,394.4,80.0,-22.0,5384.1757,7000.0,Mumbai,29000.0,47774.0,393169.0,7928674.0,116994.0
20120442229,2025-08-20T17:54:06,2025-08-20,Mumbai Running,RUNNING,12.015,5174.0,07:11,430.6,174.0,186.0,158.0,209.0,281.0,8.5,9.76,0.872,41.0,4.300000190734863,0.699999988079071,232.9,70.0,-13.0,3134.13496,2500.0,Mumbai,0.0,43201.0,674004.0,4282447.0,173994.0
20146831379,2025-08-23T06:07:29,2025-08-23,Mumbai Running,RUNNING,15.012,6189.0,06:52,412.3,175.0,186.0,164.0,216.0,277.3,8.6,9.74,0.882,41.0,4.900000095367432,0.0,284.1,80.0,-26.0,3875.7684999999997,2400.0,Mumbai,26974.0,77943.0,368990.0,5209619.0,485103.0
20157355571,2025-08-24T05:12:15,2025-08-24,Mumbai Running,RUNNING,28.007,11357.0,06:45,405.5,171.0,186.0,166.0,220.0,276.0,8.6,9.67,0.889,41.0,5.0,0.0,447.8,90.0,-25.0,6930.2930799999995,11100.0,Mumbai,20000.0,125457.0,415523.0,10590711.0,193006.0
20195059046,2025-08-27T17:58:08,2025-08-27,Mumbai Running,RUNNING,12.012,4919.0,06:50,409.5,174.0,185.0,162.0,218.0,277.4,8.7,9.64,0.902,41.0,4.800000190734863,0.0,271.8,80.0,-13.0,3104.80482,2900.0,Mumbai,8626.0,57384.0,399000.0,4344194.0,109987.0
20230665064,2025-08-31T05:09:22,2025-08-31,Mumbai Running,RUNNING,21.005,8710.0,06:55,414.7,172.0,188.0,166.0,213.0,276.6,8.5,9.76,0.868,41.0,5.0,0.10000000149011612,363.2,80.0,-19.0,5304.56532,7000.0,Mumbai,10999.0,73432.0,590256.0,7816409.0,199998.0
20251693269,2025-09-02T06:10:06,2025-09-02,Mumbai Running,RUNNING,11.005,4488.0,06:48,407.8,169.0,181.0,160.0,214.0,272.4,8.5,9.45,0.906,41.0,4.400000095367432,0.0,225.7,80.0,-16.0,2811.5034199999996,1300.0,Mumbai,13003.0,72606.0,948978.0,3445104.0,0.0
20337529933,2025-09-10T06:18:52,2025-09-10,Mumbai Running,RUNNING,10.002,3816.0,06:22,381.5,180.0,190.0,166.0,226.0,268.2,8.7,9.28,0.939,42.0,4.800000190734863,0.800000011920929,270.4,90.0,-16.0,2576.8623,1200.0,Mumbai,11001.0,73143.0,228998.0,993996.0,2498003.0
20378483764,2025-09-14T06:18:53,2025-09-14,Mumbai Running,RUNNING,21.005,9074.0,07:12,432.0,177.0,193.0,162.0,201.0,278.4,8.3,9.82,0.849,41.0,5.0,0.0,390.5,90.0,-21.0,5518.25634,8100.0,Mumbai,15999.0,51410.0,524007.0,5796871.0,2672190.0
20441785438,2025-09-20T08:56:08,2025-09-20,Berlin Running,RUNNING,5.006,2170.0,07:14,433.5,165.0,178.0,158.0,201.0,283.1,8.5,9.96,0.859,41.0,3.4000000953674316,0.0,112.1,90.0,-6.0,1273.7660799999999,500.0,Berlin,17997.0,36861.0,483678.0,1613201.0,0.0
20456588140,2025-09-21T10:58:01,2025-09-21,Berlin - BMW Berlin Marathon (42.195 km),RUNNING,42.222,17328.0,06:50,410.4,182.0,198.0,160.0,213.0,272.8,8.5,9.45,0.906,41.0,5.0,2.200000047683716,988.2,100.0,-32.0,10898.24202,7700.0,Berlin,14851.0,81363.0,987755.0,7533705.0,8710246.0
20522343602,2025-09-24T17:20:59,2025-09-24,Relax and Focus (Short),TRAINING,0.0,334.0,,,84.0,95.0,,,,,,,,0.0,0.0,0.2,,0.0,,,,0.0,0.0,0.0,0.0,0.0
20546894518,2025-09-28T16:33:58,2025-09-28,Plitvicka jezera Running,RUNNING,8.009,6217.0,12:56,776.2,130.0,190.0,96.0,99.0,327.9,6.3,8.65,0.741,41.0,2.799999952316284,1.600000023841858,83.3,60.0,-6.0,2203.95052,23800.0,Plitvicka jezera,1783936.0,2310978.0,813425.0,625567.0,176000.0
20568511596,2025-10-02T09:46:32,2025-10-02,Dubrovnik Running,RUNNING,2.769,6889.0,41:28,2487.6,106.0,165.0,30.0,25.0,330.3,5.5,8.6,0.783,,1.100000023841858,0.30000001192092896,17.8,10.0,-7.0,1541.92736,25800.0,Dubrovnik,3140976.0,604011.0,337001.0,16001.0,0.0
20661440154,2025-10-12T05:16:40,2025-10-12,New Delhi Running,RUNNING,21.135,7405.0,05:50,350.3,191.0,199.0,166.0,244.0,260.7,9.0,8.81,1.026,42.0,5.0,3.0999999046325684,800.9,90.0,-31.0,5371.60564,1000.0,New Delhi,0.0,21396.0,101000.0,511976.0,6770074.0
20731350484,2025-10-19T05:10:21,2025-10-19,Mumbai Running,RUNNING,14.016,6404.0,07:37,456.9,171.0,188.0,152.0,190.0,283.3,8.4,9.94,0.851,41.0,4.599999904632568,0.0,224.6,70.0,-19.0,3716.5477399999995,4700.0,Mumbai,23000.0,127984.0,801004.0,4900730.0,540973.0
20788512393,2025-10-25T06:27:25,2025-10-25,Mumbai Running,RUNNING,10.018,4372.0,07:16,436.4,178.0,192.0,156.0,196.0,276.6,8.2,9.48,0.876,41.0,5.0,0.0,248.6,80.0,-20.0,2757.03316,2300.0,Mumbai,12000.0,10000.0,228999.0,2437956.0,1668391.0
20864668842,2025-11-02T05:51:32,2025-11-02,Mumbai Running,RUNNING,14.101,6322.0,07:28,448.3,171.0,195.0,152.0,192.0,279.3,8.3,9.59,0.873,41.0,5.0,2.200000047683716,340.4,70.0,-22.0,3724.9277799999995,4700.0,Mumbai,22000.0,290985.0,958300.0,3575142.0,1443094.0
21145054451,2025-12-02T07:17:06,2025-12-02,Mumbai Running,RUNNING,5.037,2284.0,07:33,453.4,182.0,193.0,158.0,192.0,285.4,8.3,10.05,0.833,40.0,4.800000190734863,0.0,120.9,70.0,-16.0,1357.56648,500.0,Mumbai,13479.0,23000.0,65003.0,891356.0,1290865.0
21172571046,2025-12-05T07:10:14,2025-12-05,Mumbai Running,RUNNING,5.096,2221.0,07:16,435.7,183.0,196.0,162.0,201.0,282.8,8.5,9.99,0.853,39.0,5.0,1.2000000476837158,157.9,90.0,-17.0,1361.7565,1100.0,Mumbai,25884.0,13000.0,68000.0,786971.0,1320651.0
21189685636,2025-12-07T06:06:07,2025-12-07,Mumbai Running,RUNNING,16.004,6419.0,06:41,401.1,179.0,196.0,166.0,217.0,273.2,8.5,9.54,0.896,40.0,5.0,0.699999988079071,388.5,90.0,-26.0,4043.3693,6300.0,Mumbai,21799.0,58265.0,393952.0,3846855.0,2098061.0
21225664719,2025-12-11T06:51:23,2025-12-11,Mumbai Running,RUNNING,5.011,2134.0,07:06,425.9,171.0,187.0,162.0,205.0,282.4,8.6,9.93,0.868,40.0,4.599999904632568,0.0,135.1,50.0,-13.0,1269.5760599999999,1000.0,Mumbai,37455.0,46025.0,439565.0,1574122.0,36943.0
21251115970,2025-12-14T05:05:42,2025-12-14,Mumbai Running,RUNNING,21.006,8654.0,06:52,412.0,173.0,190.0,164.0,210.0,275.2,8.5,9.63,0.883,40.0,5.0,0.0,410.3,80.0,-22.0,5204.00484,7100.0,Mumbai,22000.0,241102.0,744623.0,7291616.0,337437.0
21310965571,2025-12-21T05:55:59,2025-12-21,Kolkata Running,RUNNING,25.005,9117.0,06:05,364.6,187.0,197.0,170.0,237.0,262.5,8.7,8.98,0.964,41.0,5.0,0.0,777.3,100.0,-42.0,6230.55974,3800.0,Kolkata,28953.0,27000.0,198001.0,1235976.0,7627072.0
21336494876,2025-12-24T07:09:25,2025-12-24,Mumbai Running,RUNNING,5.338,2409.0,07:31,451.3,161.0,183.0,154.0,189.0,278.8,8.1,9.52,0.861,41.0,3.299999952316284,0.20000000298023224,108.9,40.0,-10.0,1365.94652,1100.0,Mumbai,35207.0,293001.0,755283.0,1325702.0,0.0
21369546402,2025-12-28T05:12:29,2025-12-28,Mumbai Running,RUNNING,21.128,9222.0,07:16,436.5,171.0,184.0,160.0,199.0,279.1,8.3,9.75,0.857,41.0,5.0,0.30000001192092896,341.8,100.0,-22.0,5359.03558,4100.0,Mumbai,35107.0,645012.0,653854.0,7876356.0,10999.0
21412631818,2026-01-01T20:11:40,2026-01-01,Mumbai Running,RUNNING,5.101,3007.0,09:49,589.5,151.0,171.0,134.0,141.0,300.8,7.5,10.29,0.739,41.0,2.4000000953674316,0.0,50.4,60.0,0.0,1282.1461199999999,1700.0,Mumbai,91002.0,698009.0,1395608.0,800940.0,0.0
21446418884,2026-01-05T07:16:59,2026-01-05,Mumbai Running,RUNNING,5.019,2113.0,07:01,420.9,172.0,184.0,158.0,202.0,274.9,8.4,9.43,0.891,41.0,3.700000047683716,0.0,141.9,60.0,-8.0,1307.28624,800.0,Mumbai,20046.0,30000.0,300672.0,1760985.0,1000.0
21507685152,2026-01-11T05:21:10,2026-01-11,Mumbai Running,RUNNING,21.016,9671.0,07:40,460.2,163.0,183.0,156.0,192.0,284.3,8.2,10.01,0.829,41.0,4.900000095367432,0.0,251.0,80.0,-30.0,5245.90504,5200.0,Mumbai,297300.0,466886.0,2988859.0,5899167.0,0.0
21582446921,2026-01-18T05:10:02,2026-01-18,Mumbai Running,RUNNING,42.748,18239.0,07:07,426.7,184.0,202.0,160.0,200.0,272.9,8.2,9.5,0.87,41.0,5.0,1.2000000476837158,939.9,100.0,-18.0,11044.89272,12400.0,Mumbai,20999.0,94379.0,1120977.0,5378729.0,11623682.0
21732785752,2026-01-25T18:42:52,2026-01-25,Relax and Focus (Short),TRAINING,0.0,335.0,,,79.0,90.0,,,,,,,,0.0,0.0,0.0,,0.0,,,,0.0,0.0,0.0,0.0,0.0
21875482815,2026-02-15T17:49:24,2026-02-15,Mumbai Running,RUNNING,5.011,2308.0,07:41,460.6,168.0,188.0,160.0,196.0,292.2,8.4,10.43,0.81,39.0,4.300000190734863,0.0,99.3,60.0,-11.0,1252.8159799999999,1100.0,Mumbai,32000.0,284000.0,118001.0,1544944.0,317164.0
22104265687,2026-03-08T18:59:51,2026-03-08,Mumbai Running,RUNNING,5.007,2341.0,07:48,467.5,176.0,191.0,160.0,188.0,292.3,8.4,10.47,0.799,39.0,4.099999904632568,0.0,90.5,80.0,-7.0,1248.6259599999998,800.0,Mumbai,16320.0,31000.0,54174.0,1747088.0,492410.0
22660230007,2026-04-26T06:29:36,2026-04-26,Bengaluru Running,RUNNING,9.803,4770.0,08:07,486.6,188.0,201.0,158.0,188.0,281.5,7.6,9.74,0.773,37.0,5.0,0.10000000149011612,193.2,100.0,-7.0,2840.8335599999996,4000.0,Bengaluru,0.0,0.0,74999.0,799128.0,3896034.0
23026211442,2026-05-27T06:58:12,2026-05-27,Mumbai Running,RUNNING,3.007,1548.0,08:35,514.8,175.0,186.0,154.0,180.0,292.2,7.7,10.25,0.763,38.0,3.9000000953674316,0.0,81.4,40.0,-11.0,879.9042,400.0,Mumbai,0.0,43714.0,155001.0,1295210.0,54007.0
23086072580,2026-06-01T07:17:42,2026-06-01,Mumbai Running,RUNNING,3.001,1330.0,07:23,443.1,183.0,192.0,162.0,213.0,279.6,8.2,9.86,0.832,38.0,4.199999809265137,0.0,93.4,60.0,-10.0,833.8139799999999,300.0,Mumbai,0.0,0.0,50695.0,580992.0,697874.0
23164790484,2026-06-07T19:25:37,2026-06-07,Mumbai Running,RUNNING,3.503,1791.0,08:31,511.3,178.0,190.0,158.0,195.0,294.8,8.0,10.66,0.756,39.0,3.5999999046325684,0.0,63.6,60.0,-9.0,963.7045999999999,200.0,Mumbai,1228.0,38008.0,75002.0,1498441.0,178085.0
23170328236,2026-06-08T07:31:01,2026-06-08,Mumbai Running,RUNNING,3.012,1547.0,08:34,513.5,169.0,179.0,156.0,185.0,288.8,7.7,10.34,0.753,39.0,3.200000047683716,0.0,48.6,50.0,-8.0,821.2439199999999,300.0,Mumbai,0.0,39591.0,308997.0,1198012.0,0.0
23194908116,2026-06-10T07:31:13,2026-06-10,Mumbai Running,RUNNING,4.008,1765.0,07:20,440.3,185.0,195.0,164.0,212.0,277.2,8.0,9.79,0.826,39.0,4.699999809265137,0.0,115.6,70.0,-14.0,1118.73534,400.0,Mumbai,0.0,35704.0,64999.0,650998.0,1012834.0
23218242274,2026-06-12T07:24:48,2026-06-12,Mumbai Running,RUNNING,3.008,1269.0,07:02,421.7,179.0,191.0,168.0,227.0,274.8,8.2,9.68,0.846,39.0,4.300000190734863,0.0,97.3,60.0,-10.0,825.4339399999999,400.0,Mumbai,0.0,43332.0,63001.0,1015977.0,146366.0
